-- =====================================================================================
-- SETU PLATFORM — PHASE 4: REALISTIC DEMO DATA (Mysuru District)
-- =====================================================================================

-- ─── VILLAGES (10) ───────────────────────────────────────────────────────────────────
INSERT INTO villages (id, name, district, distance_from_phc_km) VALUES
('a7c53291-fad3-4f09-8fe1-ba483147f321', 'Rampur', 'Mysuru', 8),
('63097924-c143-48a4-93c3-075be446e177', 'Devipur', 'Mysuru', 18),
('127b92df-3af4-4591-9cdd-309683384945', 'Hosahalli', 'Mysuru', 4),
('0d657b68-e7a8-4a25-a700-ab2b225ded4d', 'Kallur', 'Mysuru', 23),
('cb6a71e3-4a99-4971-8128-85d67b474023', 'Shirasi', 'Mysuru', 20),
('98bea75d-384e-4318-8fd9-1d3568151e3a', 'Malandur', 'Mysuru', 16),
('770773c5-485c-4adf-9ada-4073077e5205', 'Hassan', 'Mysuru', 25),
('88319bcd-d0fa-48c5-a5d3-20404e548916', 'Tumkur', 'Mysuru', 13),
('696a3467-f747-44e9-b6aa-b36384854e4f', 'Chikmagalur', 'Mysuru', 13),
('05ecce8d-9e77-4810-ae5b-9ce52e447747', 'Somwarpet', 'Mysuru', 3);

-- ─── PATIENTS (120) ──────────────────────────────────────────────────────────────────
INSERT INTO patients (id, full_name, age, gender, phone, village_id, registered_date) VALUES
('f04f1fc2-cd1d-489b-b1b9-523ac7688265', 'Radha Reddy', 70, 'female', '+919188340631', 'a7c53291-fad3-4f09-8fe1-ba483147f321', '2025-12-11'),
('1db440d1-44c7-4765-803f-34ee61f18e8f', 'Kiran Rao', 65, 'male', NULL, 'cb6a71e3-4a99-4971-8128-85d67b474023', '2026-02-03'),
('f3ee170c-1326-48d7-aefc-bd056d2ed712', 'Sita Singh', 37, 'female', NULL, '88319bcd-d0fa-48c5-a5d3-20404e548916', '2025-12-22'),
('da839ad5-4ef3-47d2-84b9-980c89273c40', 'Raju Patil', 44, 'male', '+919468361135', 'a7c53291-fad3-4f09-8fe1-ba483147f321', '2025-10-28'),
('c5ef5327-e8af-4685-8f68-6cd136ef6ebd', 'Savitri Reddy', 53, 'female', '+919648262006', '05ecce8d-9e77-4810-ae5b-9ce52e447747', '2025-09-19'),
('a81e8318-2997-4f41-a9b6-822330326ad0', 'Kiran Kumar', 63, 'male', NULL, '63097924-c143-48a4-93c3-075be446e177', '2026-01-11'),
('2ac18128-6f0a-440c-9f66-130063508b9a', 'Geetha Kumar', 53, 'female', '+919475956941', '63097924-c143-48a4-93c3-075be446e177', '2026-05-07'),
('bae924f4-2892-4c1a-8716-410bdeea5932', 'Manjunath Bhat', 56, 'male', NULL, 'a7c53291-fad3-4f09-8fe1-ba483147f321', '2026-02-04'),
('8c14f13b-3a4a-46eb-8c11-10e06a3b117b', 'Kumar Bhat', 39, 'male', '+919834094364', '696a3467-f747-44e9-b6aa-b36384854e4f', '2026-05-05'),
('85b12897-5644-476a-915e-e6d4bfddaa00', 'Kavya Reddy', 45, 'female', '+919731533198', '88319bcd-d0fa-48c5-a5d3-20404e548916', '2026-02-26'),
('bf3ee84e-8ae2-42c1-a834-e4619ae52c48', 'Renuka Singh', 71, 'female', '+919667569975', '0d657b68-e7a8-4a25-a700-ab2b225ded4d', '2026-03-11'),
('3d1d0d35-d942-4f18-9555-d22edaf3820c', 'Kumar Singh', 54, 'male', '+919752984486', '98bea75d-384e-4318-8fd9-1d3568151e3a', '2026-07-03'),
('cb2a6a86-e307-41b8-a90b-b1c4244a210c', 'Meena Kumar', 69, 'female', '+919755689481', '88319bcd-d0fa-48c5-a5d3-20404e548916', '2026-05-19'),
('a01886af-bce5-471b-94a2-646358f53180', 'Suresh Kumar', 80, 'male', NULL, 'cb6a71e3-4a99-4971-8128-85d67b474023', '2026-04-25'),
('e70f4b18-5578-4988-bcc3-4201a91d4055', 'Lakshmi Singh', 47, 'female', '+919655463189', '696a3467-f747-44e9-b6aa-b36384854e4f', '2025-11-13'),
('1b25a18f-0731-4d3b-99cd-25fb19b8a1f8', 'Savitri Patil', 39, 'female', NULL, '98bea75d-384e-4318-8fd9-1d3568151e3a', '2026-03-05'),
('02c15c4f-5744-4b50-9466-f5cbc4952d19', 'Meena Rao', 39, 'female', '+919824254310', '05ecce8d-9e77-4810-ae5b-9ce52e447747', '2025-11-15'),
('7fd93c96-f5df-44fd-8c28-d5ff810ead37', 'Suresh Rao', 35, 'male', '+919546138102', 'a7c53291-fad3-4f09-8fe1-ba483147f321', '2025-09-24'),
('b8ed0741-05ce-4b0c-a71e-74ec21dc3666', 'Kiran Bhat', 55, 'male', '+919653937170', '127b92df-3af4-4591-9cdd-309683384945', '2026-01-19'),
('ff3bc740-6fd9-47c9-a211-2898efccaa03', 'Prakash Reddy', 41, 'male', '+919110280236', '05ecce8d-9e77-4810-ae5b-9ce52e447747', '2025-07-19'),
('2f615934-0c1c-4245-93f2-e65a95a6100b', 'Manjunath Reddy', 65, 'male', NULL, '770773c5-485c-4adf-9ada-4073077e5205', '2025-09-05'),
('95952c5e-5b28-4663-bd92-7fffe9d34b4f', 'Kiran Bhat', 58, 'male', '+919116505670', '770773c5-485c-4adf-9ada-4073077e5205', '2025-12-05'),
('f9ee597b-87b3-4503-acb2-c0fdb9fe97f1', 'Anitha Nayaka', 72, 'female', '+919650682071', 'cb6a71e3-4a99-4971-8128-85d67b474023', '2026-05-27'),
('4f0c181a-1488-476f-ac84-38620a91c872', 'Manjunath Shetty', 74, 'male', '+919954280184', '98bea75d-384e-4318-8fd9-1d3568151e3a', '2026-04-03'),
('5684fc1e-8535-480e-b95d-89353bfd0bf4', 'Manjunath Patil', 49, 'male', '+919895061657', '98bea75d-384e-4318-8fd9-1d3568151e3a', '2025-11-17'),
('da4634ef-b9c1-4070-a9f7-9936ebc37400', 'Suresh Patil', 65, 'male', '+919935189135', '696a3467-f747-44e9-b6aa-b36384854e4f', '2026-07-01'),
('c13b0e41-57a4-44cd-ba34-d6b28e9e8a83', 'Geetha Hegde', 56, 'female', '+919877383438', '88319bcd-d0fa-48c5-a5d3-20404e548916', '2026-07-10'),
('53dd9955-d442-40e3-b4ff-c4d27fda50bd', 'Sita Gowda', 67, 'female', '+919294092683', '770773c5-485c-4adf-9ada-4073077e5205', '2025-08-31'),
('10ca9a52-e713-4de5-9218-c7d30cf8a89e', 'Kiran Singh', 79, 'male', '+919137121596', '696a3467-f747-44e9-b6aa-b36384854e4f', '2026-02-08'),
('a6c7e986-feb3-4deb-a757-277e2c178c39', 'Sita Singh', 41, 'female', '+919196359097', '98bea75d-384e-4318-8fd9-1d3568151e3a', '2026-05-16'),
('843900ba-003d-4d80-9161-536a52bd1909', 'Lakshmi Singh', 53, 'female', '+919872893995', '63097924-c143-48a4-93c3-075be446e177', '2026-04-15'),
('86589df0-065e-4895-bb7d-77f9062fe89c', 'Radha Shetty', 56, 'female', '+919487985927', '127b92df-3af4-4591-9cdd-309683384945', '2026-03-30'),
('8811dd03-b133-4d59-be4d-e1548870fcb3', 'Kumar Shetty', 42, 'male', '+919864446125', '88319bcd-d0fa-48c5-a5d3-20404e548916', '2025-07-21'),
('49a3242b-5209-4f89-ad72-be5fe2f7e136', 'Radha Patil', 36, 'female', NULL, '696a3467-f747-44e9-b6aa-b36384854e4f', '2025-11-22'),
('06ec1f49-0f2c-4a0d-8299-6799d1f0a1a5', 'Rakshitha Hegde', 53, 'female', '+919821941067', '63097924-c143-48a4-93c3-075be446e177', '2025-12-02'),
('6331b9b3-8969-49b2-a032-482074d8072b', 'Lakshmi Hegde', 49, 'female', '+919622453337', 'a7c53291-fad3-4f09-8fe1-ba483147f321', '2026-01-10'),
('1f6e59c1-47cc-4ec3-ace6-df321f9fec1e', 'Kumar Nayaka', 54, 'male', '+919763935212', '63097924-c143-48a4-93c3-075be446e177', '2026-03-27'),
('55183e70-85f0-4ea5-81c1-95803da68d55', 'Ramesh Reddy', 60, 'male', '+919247794558', '127b92df-3af4-4591-9cdd-309683384945', '2025-09-20'),
('accd144c-e290-4ed1-a9ff-b4bd93adae4e', 'Kiran Shetty', 45, 'male', '+919786291197', '88319bcd-d0fa-48c5-a5d3-20404e548916', '2026-01-01'),
('ba131205-9612-4af5-8504-f48409c7a07a', 'Kavya Reddy', 71, 'female', NULL, '98bea75d-384e-4318-8fd9-1d3568151e3a', '2026-03-22'),
('6558d8dc-5162-47a1-af8a-4df3295ebe5a', 'Kavya Gowda', 43, 'female', '+919408923711', '696a3467-f747-44e9-b6aa-b36384854e4f', '2025-10-16'),
('cfc6e237-e8da-4bef-8bf7-574849920f18', 'Anand Singh', 62, 'male', '+919984858234', '05ecce8d-9e77-4810-ae5b-9ce52e447747', '2026-01-13'),
('22639bfc-265f-4d40-9e20-66c95858da71', 'Ramesh Nayaka', 48, 'male', '+919366619335', '63097924-c143-48a4-93c3-075be446e177', '2025-07-24'),
('4d0a1f41-5143-41d2-b8b8-7993a6feb897', 'Mahesh Singh', 56, 'male', '+919369815926', '98bea75d-384e-4318-8fd9-1d3568151e3a', '2025-10-06'),
('26f21b6a-ef6d-4027-bba3-185c5d50d618', 'Rakshitha Kumar', 63, 'female', '+919853406394', '696a3467-f747-44e9-b6aa-b36384854e4f', '2025-12-25'),
('eedf29f8-a0cc-48af-97a9-a4fefd61094f', 'Ramesh Singh', 46, 'male', '+919801389941', '05ecce8d-9e77-4810-ae5b-9ce52e447747', '2025-12-02'),
('c9d96295-2dd8-4652-955d-15564a1e991a', 'Kavya Rao', 35, 'female', NULL, '0d657b68-e7a8-4a25-a700-ab2b225ded4d', '2025-10-07'),
('269cd890-c044-4dae-a467-da7876439f60', 'Sita Kumar', 67, 'female', '+919223620900', '770773c5-485c-4adf-9ada-4073077e5205', '2025-09-29'),
('697f9e3d-0555-4131-9f9d-1c01accc2da8', 'Ramesh Nayaka', 74, 'male', '+919700600666', '770773c5-485c-4adf-9ada-4073077e5205', '2026-03-07'),
('ad480718-7d5e-4cdf-8550-f0f7cd9cd5ce', 'Mahesh Nayaka', 52, 'male', '+919673604887', '696a3467-f747-44e9-b6aa-b36384854e4f', '2026-02-28'),
('68ceb7df-0e85-4c30-b3e1-253d5a6e53f2', 'Kumar Singh', 36, 'male', '+919805831399', 'a7c53291-fad3-4f09-8fe1-ba483147f321', '2025-09-13'),
('a120d483-da56-4f4c-90c4-b71a27ac26a7', 'Ramesh Gowda', 38, 'male', '+919415984486', '696a3467-f747-44e9-b6aa-b36384854e4f', '2025-10-21'),
('7aa6c404-3277-4337-8fdb-ca5db814ce2a', 'Rakshitha Hegde', 50, 'female', '+919312743724', '05ecce8d-9e77-4810-ae5b-9ce52e447747', '2026-02-20'),
('a7846e2e-ce99-4750-a9f9-9c3ab9875210', 'Meena Reddy', 52, 'female', NULL, '770773c5-485c-4adf-9ada-4073077e5205', '2025-07-25'),
('ec64110a-967b-4850-af62-8bd00a76422e', 'Kumar Rao', 70, 'male', '+919151154403', '127b92df-3af4-4591-9cdd-309683384945', '2026-05-14'),
('0751223c-0bb0-45d8-b7f5-70209d1217c6', 'Mahesh Hegde', 66, 'male', '+919579179965', '88319bcd-d0fa-48c5-a5d3-20404e548916', '2026-02-18'),
('cfa2aac9-fd51-447b-8970-4590cf93adc8', 'Suresh Kumar', 70, 'male', '+919916103775', '127b92df-3af4-4591-9cdd-309683384945', '2026-02-23'),
('6fe6f226-3189-4cd7-8203-8d80b7a49b97', 'Kiran Hegde', 66, 'male', '+919827102465', '0d657b68-e7a8-4a25-a700-ab2b225ded4d', '2025-11-15'),
('daa29d3b-bc5c-4587-9513-6ed298573b6a', 'Sita Singh', 55, 'female', '+919217959925', '88319bcd-d0fa-48c5-a5d3-20404e548916', '2025-11-26'),
('629b6b4b-e7ff-4cef-8bf9-ea6371ae12b3', 'Suresh Reddy', 36, 'male', NULL, '696a3467-f747-44e9-b6aa-b36384854e4f', '2026-05-08'),
('26a36fa8-a630-409a-95d5-9aad40faab2c', 'Sita Nayaka', 57, 'female', '+919218673160', '0d657b68-e7a8-4a25-a700-ab2b225ded4d', '2025-11-14'),
('6c9e6f40-2dff-4f94-8e1a-0f0b2117db44', 'Kavya Gowda', 49, 'female', '+919312019356', '770773c5-485c-4adf-9ada-4073077e5205', '2025-08-05'),
('fe983abf-0d81-40fb-85d8-62f1765f8fd8', 'Rakshitha Hegde', 72, 'female', '+919335579410', 'a7c53291-fad3-4f09-8fe1-ba483147f321', '2026-04-02'),
('9cd10ccf-d849-4d27-9243-9868329f9ea7', 'Rakshitha Shetty', 67, 'female', '+919351221529', '127b92df-3af4-4591-9cdd-309683384945', '2025-09-03'),
('3f4d4d85-79db-4b2b-a47e-6f0f52db7fb4', 'Meena Rao', 37, 'female', '+919980414754', '98bea75d-384e-4318-8fd9-1d3568151e3a', '2026-05-06'),
('28b8a01c-37e6-4d18-bbd8-f9e0635c8a5a', 'Radha Bhat', 80, 'female', '+919166123699', '88319bcd-d0fa-48c5-a5d3-20404e548916', '2026-02-15'),
('e7a40c63-1c68-4d4c-9b98-486cb5c26f2a', 'Savitri Kumar', 76, 'female', NULL, 'cb6a71e3-4a99-4971-8128-85d67b474023', '2026-02-10'),
('691c2d52-5005-4c24-87f7-41ebcab825e1', 'Ramesh Nayaka', 67, 'male', '+919504137469', '05ecce8d-9e77-4810-ae5b-9ce52e447747', '2025-12-26'),
('96bac565-51dc-4b03-9949-bd77884644a9', 'Savitri Patil', 55, 'female', '+919659988742', 'a7c53291-fad3-4f09-8fe1-ba483147f321', '2025-11-26'),
('f1012e9d-d164-496a-91a2-818dc30a06d3', 'Savitri Singh', 71, 'female', '+919441898752', '696a3467-f747-44e9-b6aa-b36384854e4f', '2026-05-14'),
('ceb2a9f3-19d4-44f9-a58b-70fbcc23b990', 'Meena Hegde', 74, 'female', NULL, '696a3467-f747-44e9-b6aa-b36384854e4f', '2026-07-02'),
('7e56d7e2-9118-438d-94dc-f228c7daa91b', 'Ramesh Rao', 63, 'male', '+919190646207', '05ecce8d-9e77-4810-ae5b-9ce52e447747', '2026-03-22'),
('557be4d6-df93-44c8-8827-b563f00f19c5', 'Anand Hegde', 60, 'male', '+919420835827', '0d657b68-e7a8-4a25-a700-ab2b225ded4d', '2026-01-18'),
('9a3941be-d1f6-42d2-9aac-71c6fb5131b5', 'Rakshitha Hegde', 77, 'female', '+919443499554', '88319bcd-d0fa-48c5-a5d3-20404e548916', '2025-12-20'),
('876cdadb-0459-455c-a07b-c2b2d4c215a3', 'Manjunath Singh', 73, 'male', '+919308809774', 'cb6a71e3-4a99-4971-8128-85d67b474023', '2025-07-20'),
('74db79a1-994b-47db-8fc2-4209de34f0c6', 'Shivanna Kumar', 46, 'male', NULL, 'cb6a71e3-4a99-4971-8128-85d67b474023', '2026-05-12'),
('f896948c-82d8-4bb5-91ad-585028010354', 'Renuka Reddy', 39, 'female', '+919613934251', '98bea75d-384e-4318-8fd9-1d3568151e3a', '2026-04-19'),
('8f549e11-dd3d-48fd-bdb9-d5dcde8653b6', 'Rakshitha Kumar', 67, 'female', '+919787637054', '127b92df-3af4-4591-9cdd-309683384945', '2026-02-09'),
('ac00a3f2-2f92-4767-be73-4a12e582b181', 'Savitri Singh', 63, 'female', NULL, 'a7c53291-fad3-4f09-8fe1-ba483147f321', '2026-07-12'),
('b2d58a72-de9a-4c49-a0ec-6632255c36d1', 'Rakshitha Gowda', 67, 'female', '+919876743431', '05ecce8d-9e77-4810-ae5b-9ce52e447747', '2026-05-01'),
('55418b05-0f9f-4a28-853e-e3866640bb43', 'Lakshmi Patil', 35, 'female', '+919198663193', 'cb6a71e3-4a99-4971-8128-85d67b474023', '2026-01-18'),
('8222a4e7-a163-40b7-88b7-afd5d5c30be4', 'Kavya Kumar', 77, 'female', NULL, '696a3467-f747-44e9-b6aa-b36384854e4f', '2025-08-23'),
('3bb638ee-787a-400d-a8b7-84809c8b2a04', 'Prakash Kumar', 73, 'male', '+919441057459', '696a3467-f747-44e9-b6aa-b36384854e4f', '2026-05-16'),
('749fdfe1-2e37-475c-a018-874fa3b7ed33', 'Ganesh Kumar', 66, 'male', '+919504307127', '63097924-c143-48a4-93c3-075be446e177', '2025-11-18'),
('b6e5db75-a97a-46ba-9401-0961c093e643', 'Radha Rao', 68, 'female', NULL, 'a7c53291-fad3-4f09-8fe1-ba483147f321', '2026-06-16'),
('1d672943-324f-4a14-8b2e-e26ba6765640', 'Savitri Nayaka', 59, 'female', '+919870648629', '05ecce8d-9e77-4810-ae5b-9ce52e447747', '2025-08-10'),
('a8f6b1b1-aa7a-4b50-a228-77df9aea52af', 'Kiran Hegde', 61, 'male', '+919853792222', 'a7c53291-fad3-4f09-8fe1-ba483147f321', '2026-05-16'),
('6d4ddaba-f774-4467-a0f2-b3153cc2a7dc', 'Lakshmi Hegde', 59, 'female', NULL, '63097924-c143-48a4-93c3-075be446e177', '2025-08-08'),
('e3489d5d-051b-4402-95c6-5f71e6601cbb', 'Kumar Gowda', 69, 'male', NULL, 'cb6a71e3-4a99-4971-8128-85d67b474023', '2026-04-13'),
('3995cde3-07b9-4c7c-9e86-b0c7d21aa889', 'Manjunath Singh', 70, 'male', '+919689220443', 'cb6a71e3-4a99-4971-8128-85d67b474023', '2025-09-05'),
('38457804-1a9a-4102-a493-403103acf8a2', 'Sita Shetty', 52, 'female', '+919358796453', 'cb6a71e3-4a99-4971-8128-85d67b474023', '2026-04-21'),
('dda72d23-97d1-47f9-a40a-d43fb2c333bd', 'Kumar Kumar', 68, 'male', '+919216928457', '88319bcd-d0fa-48c5-a5d3-20404e548916', '2025-11-29'),
('0aa5e257-ea07-45ac-ba75-ea048a9f60e0', 'Suresh Nayaka', 79, 'male', '+919352132915', '770773c5-485c-4adf-9ada-4073077e5205', '2026-05-13'),
('f3f377c2-49a3-43cc-bc84-efb553f44766', 'Sita Rao', 73, 'female', NULL, '88319bcd-d0fa-48c5-a5d3-20404e548916', '2025-08-24'),
('98df601e-401c-4ff0-baf4-da3237a1a44a', 'Mahesh Patil', 38, 'male', NULL, 'a7c53291-fad3-4f09-8fe1-ba483147f321', '2026-01-19'),
('c51a362d-8525-4ae9-8a90-3163444e0e8d', 'Prakash Bhat', 61, 'male', '+919991924298', '770773c5-485c-4adf-9ada-4073077e5205', '2026-01-28'),
('f3c65feb-4fd0-4dd4-879c-d4501e5ce261', 'Kiran Reddy', 56, 'male', NULL, '63097924-c143-48a4-93c3-075be446e177', '2026-02-20'),
('80814028-06d3-4615-848a-1be0fd90ceee', 'Rakshitha Bhat', 40, 'female', '+919240498182', 'a7c53291-fad3-4f09-8fe1-ba483147f321', '2026-06-14'),
('afb6a857-ec10-4e93-96c6-8ea0b027ad8c', 'Kavya Hegde', 61, 'female', '+919333598548', 'cb6a71e3-4a99-4971-8128-85d67b474023', '2025-10-05'),
('2f63e6fd-74e3-4857-87a3-1be097351aeb', 'Savitri Singh', 41, 'female', NULL, 'a7c53291-fad3-4f09-8fe1-ba483147f321', '2025-10-29'),
('3abaacdd-25b7-4335-a7ab-077c9034bf0e', 'Renuka Rao', 80, 'female', '+919317175892', '98bea75d-384e-4318-8fd9-1d3568151e3a', '2025-08-07'),
('4cfebff4-0ef6-4a1f-8233-ab97844e04ca', 'Sita Bhat', 66, 'female', '+919763071767', '05ecce8d-9e77-4810-ae5b-9ce52e447747', '2025-11-22'),
('e057fa00-632f-4155-9c6f-ba89f567305f', 'Kavya Reddy', 41, 'female', '+919956358999', '770773c5-485c-4adf-9ada-4073077e5205', '2025-10-30'),
('fdc94d95-62ac-40c9-ac70-68b13f9013ae', 'Kavya Patil', 74, 'female', '+919586736828', '696a3467-f747-44e9-b6aa-b36384854e4f', '2026-06-21'),
('c624f585-cd56-4395-8861-68d2bf270d64', 'Anand Kumar', 75, 'male', '+919702630125', 'cb6a71e3-4a99-4971-8128-85d67b474023', '2025-09-02'),
('5a99bd42-62c0-4810-846c-612f30dc8161', 'Anand Nayaka', 46, 'male', NULL, '05ecce8d-9e77-4810-ae5b-9ce52e447747', '2026-01-21'),
('3225e8e1-2a27-4abb-9b95-f443de65b630', 'Anand Reddy', 47, 'male', '+919496642655', '05ecce8d-9e77-4810-ae5b-9ce52e447747', '2026-02-15'),
('24ab24fc-6de2-4730-b36d-4dcbfb43a5d1', 'Ramesh Singh', 39, 'male', '+919562261991', 'cb6a71e3-4a99-4971-8128-85d67b474023', '2026-07-03'),
('0c53ac05-1bb3-496b-916e-a63ae2039c4e', 'Shivanna Nayaka', 73, 'male', '+919929708278', 'a7c53291-fad3-4f09-8fe1-ba483147f321', '2025-11-13'),
('8f2c5313-f54c-4568-b61a-fbc218a51ea5', 'Lakshmi Rao', 60, 'female', '+919662873131', '88319bcd-d0fa-48c5-a5d3-20404e548916', '2026-05-12'),
('e1f4316a-06de-4042-85d5-f95b32eab5cc', 'Kavya Nayaka', 79, 'female', NULL, 'cb6a71e3-4a99-4971-8128-85d67b474023', '2026-01-03'),
('004c20d3-54f5-42cf-b262-927ea1be7cb3', 'Kiran Hegde', 50, 'male', '+919721076822', '0d657b68-e7a8-4a25-a700-ab2b225ded4d', '2026-06-30'),
('6e6818f2-9d99-45d7-bfb3-29f4a6ec1746', 'Geetha Singh', 68, 'female', NULL, '770773c5-485c-4adf-9ada-4073077e5205', '2026-06-06'),
('cae1deaa-06c6-408e-b08c-d4d4e7b1a205', 'Lakshmi Nayaka', 78, 'female', NULL, '63097924-c143-48a4-93c3-075be446e177', '2026-06-24'),
('fbc5b629-fd37-49e4-a648-d83b170d8363', 'Meena Rao', 69, 'female', NULL, 'cb6a71e3-4a99-4971-8128-85d67b474023', '2025-11-29'),
('56b43ebc-3d75-43f9-b185-88c19e7a2a44', 'Geetha Rao', 45, 'female', '+919305756189', '98bea75d-384e-4318-8fd9-1d3568151e3a', '2025-09-22'),
('976349ff-47bd-4cc1-b3bd-2dda51d70187', 'Geetha Shetty', 58, 'female', '+919736790143', '98bea75d-384e-4318-8fd9-1d3568151e3a', '2026-06-25'),
('96d0f314-8097-4492-9aa1-2f8d633293dd', 'Kavya Patil', 41, 'female', '+919386626288', '696a3467-f747-44e9-b6aa-b36384854e4f', '2025-10-18'),
('f3312539-103d-4b96-b56c-b4692338f671', 'Savitri Patil', 60, 'female', '+919644130451', '63097924-c143-48a4-93c3-075be446e177', '2026-05-22'),
('5977973f-d6eb-4e88-a55b-040d75250be9', 'Savitri Gowda', 68, 'female', NULL, '696a3467-f747-44e9-b6aa-b36384854e4f', '2026-01-21');

-- ─── SCREENINGS (180) ────────────────────────────────────────────────────────────────
INSERT INTO screenings (id, patient_id, screening_date, disease_type, bp_systolic, bp_diastolic, flagged_condition) VALUES
('e01ad9ce-e44d-4d4e-bbb6-e1e5daf20b91', '691c2d52-5005-4c24-87f7-41ebcab825e1', '2025-12-19', 'hypertension', 153, 83, true),
('cc6e1624-822e-45ae-84b0-791c97ae2d1e', 'cfa2aac9-fd51-447b-8970-4590cf93adc8', '2025-12-07', 'hypertension', 133, 70, false),
('dcbdcac9-9425-4938-90e9-1e0c9b11046a', 'f04f1fc2-cd1d-489b-b1b9-523ac7688265', '2026-02-09', 'hypertension', 150, 99, true),
('05d35938-7cea-4510-afdb-fcc402f42b59', '976349ff-47bd-4cc1-b3bd-2dda51d70187', '2026-02-23', 'hypertension', 144, 91, true),
('53de8348-8f33-4421-b97e-5e7fd9c144ad', 'cae1deaa-06c6-408e-b08c-d4d4e7b1a205', '2026-04-14', 'hypertension', 152, 107, true),
('1e43b54d-66ca-43ac-b397-79fa69c4571c', 'dda72d23-97d1-47f9-a40a-d43fb2c333bd', '2025-10-21', 'hypertension', 137, 72, false),
('c4337a94-b135-4efe-bc2b-f30c49d55ee1', 'dda72d23-97d1-47f9-a40a-d43fb2c333bd', '2025-08-21', 'hypertension', 177, 76, true),
('bf689cd8-7a59-4038-89e0-c11e9d3f7e9d', '49a3242b-5209-4f89-ad72-be5fe2f7e136', '2026-04-29', 'hypertension', 133, 109, true),
('a3ee11ff-69ca-4d51-8742-b03b651e0105', '3f4d4d85-79db-4b2b-a47e-6f0f52db7fb4', '2025-11-08', 'hypertension', 169, 103, true),
('7c3c2920-e496-4a7d-94bf-468aac0f46bf', '691c2d52-5005-4c24-87f7-41ebcab825e1', '2026-03-09', 'hypertension', 154, 108, true),
('e92b9257-3f12-4dfc-9401-d450d9709b49', 'e70f4b18-5578-4988-bcc3-4201a91d4055', '2026-03-22', 'hypertension', 150, 99, true),
('160f31e9-349e-440a-bc4f-a882e1c5cad7', 'cfc6e237-e8da-4bef-8bf7-574849920f18', '2026-04-21', 'hypertension', 115, 83, false),
('895a6fed-b312-48df-bd3e-96177f2135d0', '86589df0-065e-4895-bb7d-77f9062fe89c', '2025-10-07', 'hypertension', 129, 102, true),
('de044b9d-dd41-495d-82eb-9c184d9bce3c', 'e7a40c63-1c68-4d4c-9b98-486cb5c26f2a', '2026-06-07', 'hypertension', 136, 99, true),
('db7f92d9-7d7a-420c-a0fe-b17f90c14e2f', 'cfa2aac9-fd51-447b-8970-4590cf93adc8', '2026-06-30', 'hypertension', 180, 105, true),
('36f84387-a0ed-430d-81b0-295ffb1c71ec', '7fd93c96-f5df-44fd-8c28-d5ff810ead37', '2026-01-09', 'hypertension', 149, 90, true),
('c0a9310b-b7a8-4296-8915-8d2c5e0c6bf9', '26f21b6a-ef6d-4027-bba3-185c5d50d618', '2026-05-10', 'hypertension', 126, 93, true),
('084346cb-40e5-4a86-8339-31af8b8608cf', '3bb638ee-787a-400d-a8b7-84809c8b2a04', '2025-08-01', 'hypertension', 128, 97, true),
('0bd912a1-0b5d-4e51-afa9-f53674da514a', '2f615934-0c1c-4245-93f2-e65a95a6100b', '2025-10-14', 'hypertension', 168, 74, true),
('12d67a73-2358-46c9-9ba4-60904714f034', '843900ba-003d-4d80-9161-536a52bd1909', '2026-01-19', 'hypertension', 127, 77, false),
('2fdd5c2f-b19c-4420-8b7c-ebd1d650e018', 'cb2a6a86-e307-41b8-a90b-b1c4244a210c', '2026-06-06', 'hypertension', 169, 84, true),
('9b26b869-6825-4cc1-9eed-d5211d3a2fcb', '843900ba-003d-4d80-9161-536a52bd1909', '2025-07-19', 'hypertension', 155, 110, true),
('74761389-fcf3-4d5a-a8fc-4622c310f930', 'b8ed0741-05ce-4b0c-a71e-74ec21dc3666', '2026-06-29', 'hypertension', 144, 86, true),
('8aef3a64-a813-4c92-bfae-f4c920080cd6', 'dda72d23-97d1-47f9-a40a-d43fb2c333bd', '2025-08-31', 'hypertension', 118, 97, true),
('8b07f201-4c67-44a6-8201-2f93dec60f1d', '2f63e6fd-74e3-4857-87a3-1be097351aeb', '2026-01-07', 'hypertension', 162, 101, true),
('9304f451-5330-4e28-bb98-7f6c18d54d98', '53dd9955-d442-40e3-b4ff-c4d27fda50bd', '2025-08-27', 'hypertension', 119, 74, false),
('deadc857-cc56-4f07-a43f-100647c6357b', '0c53ac05-1bb3-496b-916e-a63ae2039c4e', '2026-02-03', 'hypertension', 144, 98, true),
('339848dc-8e66-4d38-9d2a-ff83ca37f182', 'c624f585-cd56-4395-8861-68d2bf270d64', '2026-03-31', 'hypertension', 124, 104, true),
('4a70b904-b6b2-450d-a7e4-940868eb9a06', '10ca9a52-e713-4de5-9218-c7d30cf8a89e', '2026-02-10', 'hypertension', 158, 92, true),
('d97f8a70-d811-4b28-b9d5-014c75067e77', 'ad480718-7d5e-4cdf-8550-f0f7cd9cd5ce', '2026-03-16', 'hypertension', 127, 100, true),
('b5432c8f-05c7-4b1a-8e6b-e20df9691fde', 'e3489d5d-051b-4402-95c6-5f71e6601cbb', '2025-12-12', 'hypertension', 160, 100, true),
('0a20a064-c5e2-4eb2-baee-8b5c0cb8bce6', '74db79a1-994b-47db-8fc2-4209de34f0c6', '2026-03-11', 'hypertension', 168, 76, true),
('a9df564f-b287-4745-8464-ab6b0b499a99', '004c20d3-54f5-42cf-b262-927ea1be7cb3', '2025-07-16', 'hypertension', 167, 82, true),
('98793791-f50a-4443-93a7-9410bda7e7ea', 'ceb2a9f3-19d4-44f9-a58b-70fbcc23b990', '2026-04-17', 'hypertension', 116, 84, false),
('77b95571-d56b-47ca-8d92-8bfd6fdb6bc5', 'ff3bc740-6fd9-47c9-a211-2898efccaa03', '2025-09-18', 'hypertension', 138, 109, true),
('44e651be-67f7-407c-8582-a4cdd9efe238', '3225e8e1-2a27-4abb-9b95-f443de65b630', '2025-08-20', 'hypertension', 128, 73, false),
('d4155a28-ea49-4254-8bef-aa750748ad72', '691c2d52-5005-4c24-87f7-41ebcab825e1', '2026-05-27', 'hypertension', 123, 92, true),
('862ac5f5-d731-41b6-b1cf-1a92948e68b6', '38457804-1a9a-4102-a493-403103acf8a2', '2026-03-06', 'hypertension', 174, 70, true),
('5b732fb1-32dc-41ad-92dd-8d2992dfd175', 'c9d96295-2dd8-4652-955d-15564a1e991a', '2025-11-24', 'hypertension', 139, 77, false),
('261db2bc-d53f-498c-8774-909585d0a68b', 'a01886af-bce5-471b-94a2-646358f53180', '2026-05-29', 'hypertension', 174, 94, true),
('d17d200d-6cd6-42b8-a4b7-9d84b11e88c0', '3bb638ee-787a-400d-a8b7-84809c8b2a04', '2026-06-11', 'hypertension', 139, 105, true),
('db048f3d-df02-4ba5-be8d-a12d97cc4848', 'accd144c-e290-4ed1-a9ff-b4bd93adae4e', '2025-08-12', 'hypertension', 118, 94, true),
('1b407872-5d69-4988-a7df-efd885e26378', '53dd9955-d442-40e3-b4ff-c4d27fda50bd', '2026-04-15', 'hypertension', 126, 92, true),
('75ab994e-9d67-414f-9cbf-c8f2ca22b120', 'a120d483-da56-4f4c-90c4-b71a27ac26a7', '2026-03-15', 'hypertension', 112, 88, false),
('1c14da13-23bb-46b5-b639-47f282831078', 'ba131205-9612-4af5-8504-f48409c7a07a', '2025-12-07', 'hypertension', 125, 104, true),
('a944c7e1-eeb2-411d-b02d-d96171336db4', '6331b9b3-8969-49b2-a032-482074d8072b', '2026-07-10', 'hypertension', 129, 103, true),
('dfdce9c7-c3eb-45ae-86e1-0e278fc8027e', 'cb2a6a86-e307-41b8-a90b-b1c4244a210c', '2025-07-22', 'hypertension', 173, 90, true),
('0ed5ff00-ac07-4bd0-9c27-7794787854a0', 'c13b0e41-57a4-44cd-ba34-d6b28e9e8a83', '2025-08-22', 'hypertension', 130, 102, true),
('e07917a4-59d3-45c7-8507-9228b4cbb56e', '3abaacdd-25b7-4335-a7ab-077c9034bf0e', '2026-06-05', 'hypertension', 119, 72, false),
('0d93a1b3-45a5-41e7-8dbc-0307dfdbd7de', '2f63e6fd-74e3-4857-87a3-1be097351aeb', '2025-10-04', 'hypertension', 157, 84, true),
('5b7b33df-2ebc-4c52-99b4-ca0e814303f3', 'f9ee597b-87b3-4503-acb2-c0fdb9fe97f1', '2026-03-15', 'hypertension', 151, 81, true),
('c118fabc-83d2-48a3-918f-47a441f9157b', '3abaacdd-25b7-4335-a7ab-077c9034bf0e', '2025-09-01', 'hypertension', 163, 107, true),
('0ac326cd-b018-4ea1-bc55-9c0c77db254f', '49a3242b-5209-4f89-ad72-be5fe2f7e136', '2026-01-05', 'hypertension', 159, 75, true),
('ef4bf419-29b4-4a5e-9e41-f5e0617a4176', '1d672943-324f-4a14-8b2e-e26ba6765640', '2025-10-13', 'hypertension', 172, 101, true),
('d972948d-1373-4fa0-b629-1f12ed43e062', 'b6e5db75-a97a-46ba-9401-0961c093e643', '2025-09-02', 'hypertension', 117, 94, true),
('af5fc5ac-b893-46ca-b7f7-ef4b12931c89', '5a99bd42-62c0-4810-846c-612f30dc8161', '2026-03-16', 'hypertension', 154, 84, true),
('c04b3f84-d54f-4c46-8723-eaeee7fe02a1', 'ac00a3f2-2f92-4767-be73-4a12e582b181', '2025-07-15', 'hypertension', 166, 99, true),
('4a99eddd-ac46-439b-8c0f-ff2cf9ce0625', '26a36fa8-a630-409a-95d5-9aad40faab2c', '2026-06-25', 'hypertension', 173, 90, true),
('b9fb9982-9d5a-43b8-bde3-d2ffd65428f1', 'b8ed0741-05ce-4b0c-a71e-74ec21dc3666', '2026-04-23', 'hypertension', 159, 97, true),
('30c95f5d-8788-473d-9db8-d34b7bb7d8f3', 'ff3bc740-6fd9-47c9-a211-2898efccaa03', '2026-04-13', 'hypertension', 119, 94, true),
('3d4d3e9c-12a1-4fe5-954d-d24252f5e331', '98df601e-401c-4ff0-baf4-da3237a1a44a', '2025-07-22', 'hypertension', 125, 74, false),
('610eea68-1f97-4128-8b14-8fa7e146d3dc', '1f6e59c1-47cc-4ec3-ace6-df321f9fec1e', '2026-02-10', 'hypertension', 118, 101, true),
('1a4ea89d-e57e-40fc-b4d7-b1ab81b14f61', '2ac18128-6f0a-440c-9f66-130063508b9a', '2025-07-19', 'hypertension', 116, 109, true),
('c913bf16-700d-4b29-b289-1376874e3a31', '1f6e59c1-47cc-4ec3-ace6-df321f9fec1e', '2025-07-22', 'hypertension', 118, 76, false),
('99261c8e-1568-4119-b111-5aa10660691a', '2ac18128-6f0a-440c-9f66-130063508b9a', '2026-01-05', 'hypertension', 144, 83, true),
('d807b498-0c61-4425-82fd-495e61135b21', 'c9d96295-2dd8-4652-955d-15564a1e991a', '2025-09-29', 'hypertension', 168, 104, true),
('17759577-703a-4246-bf9b-bd4baf136833', '1d672943-324f-4a14-8b2e-e26ba6765640', '2026-06-30', 'hypertension', 162, 107, true),
('6e5bdffe-1a30-4cf5-9ddb-8dc9394d8515', '6fe6f226-3189-4cd7-8203-8d80b7a49b97', '2026-05-28', 'hypertension', 151, 97, true),
('3d28769f-58a1-4f11-941c-11ac1596e6d9', 'e70f4b18-5578-4988-bcc3-4201a91d4055', '2025-12-26', 'hypertension', 134, 105, true),
('81d3912c-afe0-4f32-b905-03fb0db1853c', 'b6e5db75-a97a-46ba-9401-0961c093e643', '2025-08-26', 'hypertension', 135, 91, true),
('fe4c60c0-896a-4357-bf55-3ab6dea43167', '629b6b4b-e7ff-4cef-8bf9-ea6371ae12b3', '2026-02-10', 'hypertension', 143, 79, true),
('4a875fa4-ad92-43ad-b687-27ad3c9221eb', '4f0c181a-1488-476f-ac84-38620a91c872', '2025-11-20', 'hypertension', 180, 109, true),
('14bdc98d-7bd0-47ba-946e-8016102f7bde', '4cfebff4-0ef6-4a1f-8233-ab97844e04ca', '2025-07-22', 'hypertension', 167, 80, true),
('574676f4-c289-4d78-8c02-565000fc573b', 'f04f1fc2-cd1d-489b-b1b9-523ac7688265', '2026-02-03', 'hypertension', 136, 106, true),
('22b14d21-7ff9-4e11-be78-ffbfb367c8cd', '95952c5e-5b28-4663-bd92-7fffe9d34b4f', '2025-07-22', 'hypertension', 124, 85, false),
('01a8ed61-e6bd-4777-b258-b758deaf60fe', '55418b05-0f9f-4a28-853e-e3866640bb43', '2025-12-06', 'hypertension', 166, 102, true),
('48f05e83-2fc3-4b00-845a-d5ed45a935c4', '5a99bd42-62c0-4810-846c-612f30dc8161', '2025-12-06', 'hypertension', 125, 76, false),
('674a237e-3738-426b-957c-f3f8115d62ea', '85b12897-5644-476a-915e-e6d4bfddaa00', '2026-03-24', 'hypertension', 147, 95, true),
('ad303aaf-16fb-4101-b999-3e548e0a0d92', 'da4634ef-b9c1-4070-a9f7-9936ebc37400', '2026-01-15', 'hypertension', 130, 93, true),
('9da8a34b-27b3-4e7d-9096-17d33b5c4159', 'ec64110a-967b-4850-af62-8bd00a76422e', '2025-09-29', 'hypertension', 114, 94, true),
('d6fbb5e1-7689-4caf-9647-07515a79fa09', 'a7846e2e-ce99-4750-a9f9-9c3ab9875210', '2025-12-24', 'hypertension', 157, 82, true),
('f74ded5a-bff9-4489-9b73-10240a90e08a', 'c9d96295-2dd8-4652-955d-15564a1e991a', '2026-06-29', 'hypertension', 135, 86, false),
('e0d65f04-c325-48bd-9bff-79a697a55bd8', '96d0f314-8097-4492-9aa1-2f8d633293dd', '2026-02-25', 'hypertension', 119, 86, false),
('8669fca9-311d-4444-a62a-4fb130312704', '7e56d7e2-9118-438d-94dc-f228c7daa91b', '2025-08-27', 'hypertension', 114, 81, false),
('e25609ed-3498-421c-b085-5f6c91186250', '7fd93c96-f5df-44fd-8c28-d5ff810ead37', '2026-04-13', 'hypertension', 172, 97, true),
('7f2ef5ff-9c6d-48ad-b24b-48aa9503147c', 'cfc6e237-e8da-4bef-8bf7-574849920f18', '2026-06-29', 'hypertension', 179, 70, true),
('fb4c8f3b-5c68-4777-b4d2-2e24d2e1efd8', 'f3312539-103d-4b96-b56c-b4692338f671', '2025-07-16', 'hypertension', 147, 76, true),
('d374fa08-383f-4d07-ba17-2f2bab4eb892', 'a7846e2e-ce99-4750-a9f9-9c3ab9875210', '2026-04-27', 'hypertension', 137, 81, false),
('4375a2d2-8093-4d1e-a287-ffcf98506e2e', '86589df0-065e-4895-bb7d-77f9062fe89c', '2026-03-29', 'hypertension', 121, 77, false),
('21a28bd1-e4f7-49a3-bd15-68981479f963', '6c9e6f40-2dff-4f94-8e1a-0f0b2117db44', '2026-06-28', 'hypertension', 145, 106, true),
('ef990f4b-ad06-40a8-af92-42c518a950cc', '6d4ddaba-f774-4467-a0f2-b3153cc2a7dc', '2026-06-09', 'hypertension', 160, 84, true),
('e658a7c2-0180-495d-bc19-69d8a39ab089', 'a01886af-bce5-471b-94a2-646358f53180', '2025-11-25', 'hypertension', 147, 72, true),
('58116266-731f-4a0b-911f-16c618d8cf07', '24ab24fc-6de2-4730-b36d-4dcbfb43a5d1', '2026-07-06', 'hypertension', 145, 99, true),
('05941d75-08b5-43ca-b5f4-4aa188f0d224', 'c13b0e41-57a4-44cd-ba34-d6b28e9e8a83', '2025-12-12', 'hypertension', 111, 95, true),
('737a72f8-94af-49f3-a82c-c8eb8afcc226', '0751223c-0bb0-45d8-b7f5-70209d1217c6', '2026-06-21', 'hypertension', 132, 73, false),
('93182562-ce63-46e1-afc4-4632566f049a', '96d0f314-8097-4492-9aa1-2f8d633293dd', '2026-04-18', 'hypertension', 127, 77, false),
('d720344d-5401-4b4c-9d01-be7049dc842e', 'b8ed0741-05ce-4b0c-a71e-74ec21dc3666', '2026-05-04', 'hypertension', 135, 84, false),
('c65fbc22-ca05-4985-a4a3-0fab3d3582b7', 'f896948c-82d8-4bb5-91ad-585028010354', '2025-11-24', 'hypertension', 132, 80, false),
('010f276a-fea0-4086-9fd4-eb925fb0742d', '3d1d0d35-d942-4f18-9555-d22edaf3820c', '2026-04-13', 'hypertension', 110, 86, false),
('2fc458df-7dd0-4435-9c6d-5a13652d61a2', '1db440d1-44c7-4765-803f-34ee61f18e8f', '2026-03-18', 'hypertension', 180, 103, true),
('4b2c3f15-8711-448f-a258-135c21813937', '0751223c-0bb0-45d8-b7f5-70209d1217c6', '2025-08-31', 'hypertension', 147, 106, true),
('48eba06c-8a80-4472-a4ce-25619236ff35', 'da839ad5-4ef3-47d2-84b9-980c89273c40', '2025-12-15', 'hypertension', 142, 87, true),
('6fae511f-8fc2-4ee4-b21f-3ede719a2954', 'fe983abf-0d81-40fb-85d8-62f1765f8fd8', '2026-06-09', 'hypertension', 155, 73, true),
('bec26c3c-f07b-4d71-b48d-974a1ed80c6e', '0c53ac05-1bb3-496b-916e-a63ae2039c4e', '2026-04-21', 'hypertension', 120, 101, true),
('91b1d340-4f1c-485e-a804-cb5c2c25a9b3', 'e057fa00-632f-4155-9c6f-ba89f567305f', '2026-06-01', 'hypertension', 171, 101, true),
('1d321f68-7e4e-4a2d-ab85-06c9f5c13597', '3d1d0d35-d942-4f18-9555-d22edaf3820c', '2025-09-27', 'hypertension', 156, 82, true),
('7ebba90d-a41a-4e5c-be02-3504a0846d5a', '5a99bd42-62c0-4810-846c-612f30dc8161', '2026-03-02', 'hypertension', 146, 89, true),
('69d05d72-8d65-444b-a827-db097beada8a', 'a01886af-bce5-471b-94a2-646358f53180', '2025-12-04', 'hypertension', 173, 93, true),
('77237bcc-37b4-4409-82c2-37e8d2e8e7e3', '0aa5e257-ea07-45ac-ba75-ea048a9f60e0', '2026-01-17', 'hypertension', 122, 100, true),
('4a946f16-68bb-4265-86ae-2aa69af84afa', '0751223c-0bb0-45d8-b7f5-70209d1217c6', '2025-09-12', 'hypertension', 133, 75, false),
('9ff80057-8da6-4dab-b908-c71406c7b0fd', '2f63e6fd-74e3-4857-87a3-1be097351aeb', '2025-11-20', 'hypertension', 118, 100, true),
('9bfb794e-2c4d-43bb-8780-53caa72d899f', '28b8a01c-37e6-4d18-bbd8-f9e0635c8a5a', '2025-07-28', 'hypertension', 147, 75, true),
('60e0a752-1d51-470a-80b8-04cc6c9812c7', '6d4ddaba-f774-4467-a0f2-b3153cc2a7dc', '2025-10-28', 'hypertension', 178, 97, true),
('8ac120d9-14b0-48e2-8aae-565835787c80', '1f6e59c1-47cc-4ec3-ace6-df321f9fec1e', '2025-09-03', 'hypertension', 132, 87, false),
('a01bbbe7-cd81-425c-ab57-21808d815249', '3bb638ee-787a-400d-a8b7-84809c8b2a04', '2025-11-25', 'hypertension', 149, 82, true),
('e32989ff-deaf-4812-af4f-ad94ebdac201', '6fe6f226-3189-4cd7-8203-8d80b7a49b97', '2025-10-30', 'hypertension', 158, 71, true),
('c723b981-3a35-4f9b-93a8-7e9ad9ec27f5', 'a6c7e986-feb3-4deb-a757-277e2c178c39', '2025-12-21', 'hypertension', 120, 90, false),
('04f2f3fe-b185-41fd-8848-e1b2758e76de', '0751223c-0bb0-45d8-b7f5-70209d1217c6', '2026-02-12', 'hypertension', 176, 80, true),
('0028fa33-cd5e-4eb4-9bcc-fd3caa2eb577', 'e057fa00-632f-4155-9c6f-ba89f567305f', '2026-02-21', 'hypertension', 122, 98, true),
('7afcf016-98b2-422f-a7df-83db3902ea96', '6d4ddaba-f774-4467-a0f2-b3153cc2a7dc', '2025-08-23', 'hypertension', 110, 100, true),
('9155ea61-2f04-4e96-81fd-6921b7636f34', '28b8a01c-37e6-4d18-bbd8-f9e0635c8a5a', '2025-10-04', 'hypertension', 168, 76, true),
('9bf69f3e-fd25-432c-b134-884808fb7726', '80814028-06d3-4615-848a-1be0fd90ceee', '2026-07-03', 'hypertension', 112, 85, false),
('aab97608-fa55-4409-bc25-f2756ad856ba', '8f549e11-dd3d-48fd-bdb9-d5dcde8653b6', '2025-08-08', 'hypertension', 128, 101, true),
('57357ed3-fb7e-44d1-b18a-687d1e0e0be8', 'cb2a6a86-e307-41b8-a90b-b1c4244a210c', '2025-08-22', 'hypertension', 134, 91, true),
('ba1c07c2-92fb-41e4-8aca-1e403fdfdc4d', '6fe6f226-3189-4cd7-8203-8d80b7a49b97', '2025-10-08', 'hypertension', 124, 73, false),
('02089faa-0776-4b03-b763-15a907551ae0', '004c20d3-54f5-42cf-b262-927ea1be7cb3', '2025-11-13', 'hypertension', 125, 106, true),
('92fce7a5-e9d8-4aab-833b-893e4181c451', '697f9e3d-0555-4131-9f9d-1c01accc2da8', '2026-06-29', 'hypertension', 110, 72, false),
('5b71449e-c1bc-4eb1-b5dc-c27c3a490514', 'c13b0e41-57a4-44cd-ba34-d6b28e9e8a83', '2026-05-31', 'hypertension', 155, 108, true),
('21951272-7590-430c-b424-4c5e6f5133cb', '22639bfc-265f-4d40-9e20-66c95858da71', '2026-06-09', 'hypertension', 155, 81, true),
('57331e84-b50f-4dea-9b07-2c4cfceb45ab', '6331b9b3-8969-49b2-a032-482074d8072b', '2025-10-21', 'hypertension', 126, 102, true),
('92813fae-a964-40f9-a0b3-39fe86cfd930', 'f04f1fc2-cd1d-489b-b1b9-523ac7688265', '2026-05-30', 'hypertension', 110, 81, false),
('f588bba8-a1df-42b9-9adc-92c67617533c', '55183e70-85f0-4ea5-81c1-95803da68d55', '2026-01-19', 'hypertension', 175, 82, true),
('66cb194d-183c-44b3-be45-24b58e7b9792', 'da4634ef-b9c1-4070-a9f7-9936ebc37400', '2025-09-09', 'hypertension', 169, 99, true),
('06b9b36f-039a-42ca-814f-fc26619eb956', 'cfa2aac9-fd51-447b-8970-4590cf93adc8', '2025-08-27', 'hypertension', 111, 107, true),
('9a1f2e06-dee4-4e0f-bde6-f1513ee4c66b', '5a99bd42-62c0-4810-846c-612f30dc8161', '2025-10-15', 'hypertension', 144, 89, true),
('6eba5fe8-43e2-4b8c-a8cf-835cb3c7897f', '10ca9a52-e713-4de5-9218-c7d30cf8a89e', '2025-08-27', 'hypertension', 135, 94, true),
('1d097a4c-e314-4558-933b-65cd303e694b', '96d0f314-8097-4492-9aa1-2f8d633293dd', '2026-04-18', 'hypertension', 169, 81, true),
('49576fe3-7c1b-476e-8827-3204bb8ba3d0', 'f3c65feb-4fd0-4dd4-879c-d4501e5ce261', '2026-04-01', 'hypertension', 135, 100, true),
('4fd0c0e9-df73-4ca9-b985-3713d134e0d0', 'b2d58a72-de9a-4c49-a0ec-6632255c36d1', '2025-12-23', 'hypertension', 131, 95, true),
('5398b3d1-305d-4b45-9b2e-d0c494574694', '55183e70-85f0-4ea5-81c1-95803da68d55', '2025-12-22', 'hypertension', 171, 80, true),
('e5db5e2e-50b8-4d5e-8b9a-e0552d73b2c2', '1b25a18f-0731-4d3b-99cd-25fb19b8a1f8', '2026-01-02', 'hypertension', 173, 95, true),
('23372903-1ceb-412d-aeb1-310cd56dcdc7', '38457804-1a9a-4102-a493-403103acf8a2', '2026-02-07', 'hypertension', 173, 110, true),
('89e8a16e-d472-4106-85cf-adef2a078b75', '843900ba-003d-4d80-9161-536a52bd1909', '2025-09-21', 'hypertension', 167, 100, true),
('8684b75e-f6af-4c7e-828c-302806634850', 'a6c7e986-feb3-4deb-a757-277e2c178c39', '2025-09-26', 'hypertension', 114, 79, false),
('00bed813-191f-4d95-a521-d29e6591f654', 'b8ed0741-05ce-4b0c-a71e-74ec21dc3666', '2026-01-14', 'hypertension', 179, 91, true),
('a571b6f9-a3db-4a5c-a2fa-ccd5284fcc0f', 'ad480718-7d5e-4cdf-8550-f0f7cd9cd5ce', '2026-03-27', 'hypertension', 150, 104, true),
('f8975b9e-e3ff-4309-b99e-6bb167fa3025', 'e70f4b18-5578-4988-bcc3-4201a91d4055', '2026-07-10', 'hypertension', 119, 105, true),
('05d1dd00-83b6-4fc6-9ef6-ea555b8f87bb', '697f9e3d-0555-4131-9f9d-1c01accc2da8', '2025-12-19', 'hypertension', 122, 82, false),
('0066dd1d-4314-4545-a72c-85187a1e68ca', '0751223c-0bb0-45d8-b7f5-70209d1217c6', '2025-09-03', 'hypertension', 144, 97, true),
('9bd5c203-b067-4606-b975-4b4380bf8588', '976349ff-47bd-4cc1-b3bd-2dda51d70187', '2026-02-24', 'hypertension', 112, 71, false),
('d40b1ef2-b8e8-497a-b1e8-f0aab8e7c397', '55418b05-0f9f-4a28-853e-e3866640bb43', '2025-08-10', 'hypertension', 142, 109, true),
('91014b5a-ad0f-419d-a25f-e744e55bfbba', '55418b05-0f9f-4a28-853e-e3866640bb43', '2026-03-18', 'hypertension', 151, 98, true),
('4eb89642-98fd-4544-a26a-500dcefd6229', '4f0c181a-1488-476f-ac84-38620a91c872', '2026-05-07', 'hypertension', 166, 76, true),
('12e14052-07a6-4d1b-a546-6a447ed3bd46', '3bb638ee-787a-400d-a8b7-84809c8b2a04', '2026-05-12', 'hypertension', 132, 78, false),
('bd6d4c9d-185d-4e5c-a4ee-97f83dd910ea', '8811dd03-b133-4d59-be4d-e1548870fcb3', '2025-09-08', 'hypertension', 149, 77, true),
('3ac18a9a-7a73-44c4-a3c9-b163cc48ca58', '80814028-06d3-4615-848a-1be0fd90ceee', '2026-01-16', 'hypertension', 132, 84, false),
('a3c5b411-4e1e-43a7-b289-7d67c3810168', '3bb638ee-787a-400d-a8b7-84809c8b2a04', '2026-01-29', 'hypertension', 169, 110, true),
('f1ab6be2-f4fc-43b5-95d5-055e5d3b5fdd', '6d4ddaba-f774-4467-a0f2-b3153cc2a7dc', '2026-07-08', 'hypertension', 154, 89, true),
('61c733fc-6574-4ee0-a654-31df9cfe33fc', 'da4634ef-b9c1-4070-a9f7-9936ebc37400', '2025-08-03', 'hypertension', 168, 71, true),
('57154481-fdba-402d-b1fb-130db44e99bd', '5684fc1e-8535-480e-b95d-89353bfd0bf4', '2025-09-09', 'hypertension', 122, 84, false),
('40b80bd4-29bd-437a-a3e7-cc835c41d300', '4d0a1f41-5143-41d2-b8b8-7993a6feb897', '2026-01-05', 'hypertension', 168, 82, true),
('2959f9be-1e49-42b8-b416-6f3d7ba96671', 'f3c65feb-4fd0-4dd4-879c-d4501e5ce261', '2026-03-13', 'hypertension', 172, 85, true),
('b3442a1a-b3df-41d1-a066-f6fef3a8548b', '55418b05-0f9f-4a28-853e-e3866640bb43', '2025-11-19', 'hypertension', 180, 90, true),
('1a402255-8855-49a2-a8bd-c79ad6dbca90', '2ac18128-6f0a-440c-9f66-130063508b9a', '2025-12-22', 'hypertension', 125, 73, false),
('018aa77a-6356-40e6-8064-8a2f8a914183', '3d1d0d35-d942-4f18-9555-d22edaf3820c', '2025-11-30', 'hypertension', 140, 75, false),
('e89a489a-f61e-4fcb-a42f-53986328eec5', 'ba131205-9612-4af5-8504-f48409c7a07a', '2026-04-09', 'hypertension', 147, 87, true),
('ddf56c25-ce22-46fb-ab9e-b0c42c90320f', 'afb6a857-ec10-4e93-96c6-8ea0b027ad8c', '2026-02-02', 'hypertension', 125, 110, true),
('42b64299-9ebd-42e1-8966-0d67f6026556', '8f2c5313-f54c-4568-b61a-fbc218a51ea5', '2026-03-14', 'hypertension', 162, 108, true),
('55484dbe-32bd-4d9d-9b23-43f8e8c88ea5', '38457804-1a9a-4102-a493-403103acf8a2', '2025-09-15', 'hypertension', 114, 92, true),
('38299dc8-9328-4769-a73e-690834b57e4e', 'c9d96295-2dd8-4652-955d-15564a1e991a', '2025-08-10', 'hypertension', 157, 94, true),
('145d1d47-2b9b-432c-8fa9-ac3fe3c3e2cc', 'a8f6b1b1-aa7a-4b50-a228-77df9aea52af', '2025-07-23', 'hypertension', 173, 98, true),
('5af8094a-19e5-4be3-9f77-b5929d1e3ee9', 'ff3bc740-6fd9-47c9-a211-2898efccaa03', '2026-05-03', 'hypertension', 172, 85, true),
('622fefe5-4d2b-4fce-a03f-c73650f05176', '1f6e59c1-47cc-4ec3-ace6-df321f9fec1e', '2026-03-27', 'hypertension', 133, 97, true),
('cd8296ae-d685-4c72-8bec-cae6e646d00f', '3225e8e1-2a27-4abb-9b95-f443de65b630', '2025-09-17', 'hypertension', 157, 94, true),
('ab9a210b-d27f-45ff-9158-f49a0566ee65', 'c51a362d-8525-4ae9-8a90-3163444e0e8d', '2026-02-13', 'hypertension', 158, 91, true),
('ee2e9615-12b8-4cec-9c34-bd0a206d7dd9', 'f04f1fc2-cd1d-489b-b1b9-523ac7688265', '2025-07-15', 'hypertension', 123, 107, true),
('1c319be4-7773-49ed-b982-7b02ef3cc5ab', 'cfc6e237-e8da-4bef-8bf7-574849920f18', '2025-08-31', 'hypertension', 150, 108, true),
('a3419186-412a-4004-960f-06266fc5aedf', 'ac00a3f2-2f92-4767-be73-4a12e582b181', '2026-05-04', 'hypertension', 155, 86, true),
('bde62286-0032-46d6-9a52-81b6fc5f9412', 'f3c65feb-4fd0-4dd4-879c-d4501e5ce261', '2026-02-07', 'hypertension', 174, 79, true),
('0fdd24fa-9823-49cf-995f-e4070ceeb6bf', '2f615934-0c1c-4245-93f2-e65a95a6100b', '2025-10-25', 'hypertension', 158, 83, true);

-- ─── FOLLOW-UP VISITS (300) ──────────────────────────────────────────────────────────
INSERT INTO followup_visits (id, patient_id, visit_date, bp_systolic, bp_diastolic, medication_adherent, expected_next_visit_date) VALUES
('67c87f2b-1101-4362-b7ee-0b490153b03c', 'e3489d5d-051b-4402-95c6-5f71e6601cbb', '2025-09-08', 126, 92, true, '2025-10-08'),
('882bac0b-2608-4a2b-81b3-5969db5858d4', 'e057fa00-632f-4155-9c6f-ba89f567305f', '2026-04-12', 141, 92, true, '2026-05-12'),
('67425810-35c7-42f0-bd1e-2c5e367b0260', '8f549e11-dd3d-48fd-bdb9-d5dcde8653b6', '2026-05-20', 122, 97, true, '2026-06-19'),
('60513924-7782-4181-a1f2-f1565dc6bf42', 'ac00a3f2-2f92-4767-be73-4a12e582b181', '2025-09-29', 141, 80, true, '2025-10-29'),
('09fbadc1-ed1b-4857-b93a-120394033a38', 'f3ee170c-1326-48d7-aefc-bd056d2ed712', '2026-05-19', 128, 88, true, '2026-06-18'),
('fe69257f-1baa-4fdc-a0d0-997889eb3e74', 'f3f377c2-49a3-43cc-bc84-efb553f44766', '2026-06-14', 138, 94, true, '2026-07-14'),
('1829b5f1-24c8-4132-8475-ed33d9f8525a', '5a99bd42-62c0-4810-846c-612f30dc8161', '2025-07-15', 149, 83, false, '2025-08-14'),
('3d06dc2f-edd6-466f-990e-8ff0d827b831', '26f21b6a-ef6d-4027-bba3-185c5d50d618', '2026-06-10', 167, 97, true, '2026-07-10'),
('43c1a474-5aab-45d5-afd7-41c8669ec0e0', '96d0f314-8097-4492-9aa1-2f8d633293dd', '2026-07-12', 147, 90, true, '2026-08-11'),
('b227e8f8-9550-4ad3-b54a-a06edf4bcbe9', 'fbc5b629-fd37-49e4-a648-d83b170d8363', '2025-08-31', 164, 80, true, '2025-09-30'),
('f07beb64-9c98-4696-8b6b-f438783e8bc1', 'ba131205-9612-4af5-8504-f48409c7a07a', '2026-04-02', 120, 88, true, '2026-05-02'),
('9069febb-e56a-4ed4-8019-b0280178585f', 'afb6a857-ec10-4e93-96c6-8ea0b027ad8c', '2025-12-09', 131, 100, true, '2026-01-08'),
('99ed7485-ad58-4d83-854e-9f84ed838090', '5977973f-d6eb-4e88-a55b-040d75250be9', '2025-11-13', 147, 99, false, '2025-12-13'),
('744f5bf5-519b-4793-8819-26afa79080fa', 'f3f377c2-49a3-43cc-bc84-efb553f44766', '2026-07-02', 126, 92, true, '2026-08-01'),
('c159c395-63b6-4968-80f6-427ff983594f', '004c20d3-54f5-42cf-b262-927ea1be7cb3', '2025-12-22', 139, 85, false, '2026-01-21'),
('00953b2f-f42b-403e-8fbf-b80540a36f5c', '85b12897-5644-476a-915e-e6d4bfddaa00', '2025-09-15', 124, 81, true, '2025-10-15'),
('f9413505-7d47-4144-9097-44f2e5b62b4e', '3abaacdd-25b7-4335-a7ab-077c9034bf0e', '2025-10-18', 140, 85, true, '2025-11-17'),
('085ac820-01e8-4fdb-bfa6-03328a421650', '6e6818f2-9d99-45d7-bfb3-29f4a6ec1746', '2025-09-14', 128, 93, true, '2025-10-14'),
('fc29ec17-9cf1-4ecf-8324-b33846946b01', 'b6e5db75-a97a-46ba-9401-0961c093e643', '2026-04-09', 144, 85, true, '2026-05-09'),
('0e22ffaa-db5c-4761-b539-2e97b520a506', 'dda72d23-97d1-47f9-a40a-d43fb2c333bd', '2025-11-15', 161, 87, true, '2025-12-15'),
('4dcbe3e6-69bf-4a78-9752-f3f8ca1b2f04', '8f549e11-dd3d-48fd-bdb9-d5dcde8653b6', '2026-06-30', 133, 89, false, '2026-07-30'),
('e36d6e2c-3b36-4b30-801e-d63a0d2e32c0', '24ab24fc-6de2-4730-b36d-4dcbfb43a5d1', '2025-09-09', 159, 98, false, '2025-10-09'),
('953569c2-0118-46d5-b586-dd8e1256e3ce', 'ba131205-9612-4af5-8504-f48409c7a07a', '2026-01-14', 159, 85, false, '2026-02-13'),
('16d56f35-9d95-4df8-a4e4-89485a986b88', 'a120d483-da56-4f4c-90c4-b71a27ac26a7', '2025-12-05', 141, 96, true, '2026-01-04'),
('81d4a961-89ab-4276-bea8-b5364a852094', '843900ba-003d-4d80-9161-536a52bd1909', '2025-10-22', 121, 92, true, '2025-11-21'),
('f3c7556a-334b-4d39-8086-58b65b13a65b', 'a81e8318-2997-4f41-a9b6-822330326ad0', '2026-01-29', 136, 97, true, '2026-02-28'),
('5f6decdc-0f45-4dfa-b78d-716bfac0a503', '2ac18128-6f0a-440c-9f66-130063508b9a', '2025-12-06', 169, 99, true, '2026-01-05'),
('aaf79599-8b56-41e0-907f-ca76667c52bf', '2f615934-0c1c-4245-93f2-e65a95a6100b', '2026-06-30', 133, 84, true, '2026-07-30'),
('895770ca-dfa2-4ba6-a51d-121d9e38bdd5', '68ceb7df-0e85-4c30-b3e1-253d5a6e53f2', '2025-09-30', 135, 80, true, '2025-10-30'),
('7389a213-08d4-4abb-9c57-db57419b7e35', 'e70f4b18-5578-4988-bcc3-4201a91d4055', '2026-05-21', 122, 80, false, '2026-06-20'),
('7d9aaea1-6da4-4926-baaf-9ba23fe86085', '24ab24fc-6de2-4730-b36d-4dcbfb43a5d1', '2026-04-01', 138, 86, false, '2026-05-01'),
('958226d8-0b98-4e72-b102-719862b08645', 'e1f4316a-06de-4042-85d5-f95b32eab5cc', '2025-11-23', 150, 88, false, '2025-12-23'),
('2ad8fc06-c415-4b36-ac23-f6b85c2c6496', '5977973f-d6eb-4e88-a55b-040d75250be9', '2025-09-23', 152, 97, true, '2025-10-23'),
('d4d62503-1184-4f6e-8687-10202ae45943', 'b8ed0741-05ce-4b0c-a71e-74ec21dc3666', '2026-03-13', 136, 86, false, '2026-04-12'),
('f1ab215e-369b-4694-89a6-e9e0f54a4b5a', '2ac18128-6f0a-440c-9f66-130063508b9a', '2026-01-09', 120, 92, true, '2026-02-08'),
('dfe26966-13c2-43cb-9f32-19918b84261e', '3225e8e1-2a27-4abb-9b95-f443de65b630', '2026-05-07', 146, 92, true, '2026-06-06'),
('3ba4b21a-ab7e-4dd9-9018-b22b0675db8b', '80814028-06d3-4615-848a-1be0fd90ceee', '2025-07-27', 168, 91, true, '2025-08-26'),
('faa7cab9-11a9-4212-a1da-5558fc706c41', '1f6e59c1-47cc-4ec3-ace6-df321f9fec1e', '2026-05-10', 146, 90, false, '2026-06-09'),
('0e49c33c-bb51-4679-a4ab-929f4d672ca6', 'a120d483-da56-4f4c-90c4-b71a27ac26a7', '2026-04-10', 140, 85, false, '2026-05-10'),
('5670dd96-dc8d-492e-b888-2cdb6132f7fd', '6fe6f226-3189-4cd7-8203-8d80b7a49b97', '2026-03-14', 152, 97, true, '2026-04-13'),
('4b3e4141-b342-46ac-9a69-c487e5d6f106', '8811dd03-b133-4d59-be4d-e1548870fcb3', '2026-06-05', 141, 87, true, '2026-07-05'),
('1e19a205-cddd-4bfc-96f8-ea51d4d56c47', '976349ff-47bd-4cc1-b3bd-2dda51d70187', '2025-08-23', 168, 82, true, '2025-09-22'),
('5b79ff7f-d39b-4ee7-a4fb-ca5b57b669f4', '86589df0-065e-4895-bb7d-77f9062fe89c', '2026-02-12', 170, 92, false, '2026-03-14'),
('96559782-1e4f-41bb-8161-8c6508dbd521', '85b12897-5644-476a-915e-e6d4bfddaa00', '2026-06-29', 123, 93, true, '2026-07-29'),
('c21cf707-1f42-4144-9057-dba3850245fe', '68ceb7df-0e85-4c30-b3e1-253d5a6e53f2', '2025-11-20', 133, 87, true, '2025-12-20'),
('029cac7c-96a6-48df-ad25-bb3898eb3c55', 'f1012e9d-d164-496a-91a2-818dc30a06d3', '2025-09-06', 148, 83, true, '2025-10-06'),
('ad5cb347-3b66-43c5-96a5-680bec12f66b', 'bf3ee84e-8ae2-42c1-a834-e4619ae52c48', '2025-07-18', 140, 80, true, '2025-08-17'),
('94933505-9fde-4209-bb72-63b6593b87f9', '22639bfc-265f-4d40-9e20-66c95858da71', '2026-05-14', 136, 88, true, '2026-06-13'),
('d978a095-4476-4bcc-931e-41e684450d56', 'ac00a3f2-2f92-4767-be73-4a12e582b181', '2025-08-19', 126, 96, true, '2025-09-18'),
('c14fe41f-3cf1-49a2-958b-b7310c5f92c8', 'fbc5b629-fd37-49e4-a648-d83b170d8363', '2025-10-08', 168, 81, true, '2025-11-07'),
('f33c83cd-2649-4ef0-8f0a-8343951e22a4', '697f9e3d-0555-4131-9f9d-1c01accc2da8', '2025-12-05', 141, 86, true, '2026-01-04'),
('bd298d1b-b940-45f5-b1f7-f958ce39c939', '269cd890-c044-4dae-a467-da7876439f60', '2026-06-14', 144, 84, true, '2026-07-14'),
('dcb0e1ce-0670-48c8-ba30-df4b5d7678ea', 'bf3ee84e-8ae2-42c1-a834-e4619ae52c48', '2026-03-27', 139, 95, true, '2026-04-26'),
('6906d3b2-5cff-4910-a795-2759fd283d5c', 'da4634ef-b9c1-4070-a9f7-9936ebc37400', '2025-12-24', 130, 87, true, '2026-01-23'),
('5c98cf84-a057-4852-b456-e767f3574549', '28b8a01c-37e6-4d18-bbd8-f9e0635c8a5a', '2026-05-13', 138, 86, true, '2026-06-12'),
('25573c01-5f48-4461-815f-c6f04b8886d8', '1db440d1-44c7-4765-803f-34ee61f18e8f', '2025-08-20', 159, 94, false, '2025-09-19'),
('1a5f99fe-78d9-4732-acd3-0aa8b2b8392d', '1f6e59c1-47cc-4ec3-ace6-df321f9fec1e', '2025-09-07', 163, 84, true, '2025-10-07'),
('945c1a65-af71-4a22-87a0-e45c3663347c', '004c20d3-54f5-42cf-b262-927ea1be7cb3', '2025-09-19', 167, 91, true, '2025-10-19'),
('c038ac0f-7307-4393-98cd-f2a6af50e774', 'fdc94d95-62ac-40c9-ac70-68b13f9013ae', '2025-11-26', 147, 80, true, '2025-12-26'),
('7a2f59f0-d057-46ed-a2cf-3dc3c45cf88d', 'c9d96295-2dd8-4652-955d-15564a1e991a', '2026-04-16', 153, 91, false, '2026-05-16'),
('8e7f8e67-d350-40a2-a7b2-3d43a5465667', '0c53ac05-1bb3-496b-916e-a63ae2039c4e', '2025-10-09', 170, 96, true, '2025-11-08'),
('c62f20c8-830b-461c-8b30-57615bae990d', '80814028-06d3-4615-848a-1be0fd90ceee', '2026-01-06', 131, 90, true, '2026-02-05'),
('6f7eb33c-43e1-43a4-8500-ab9864f65b9a', 'cfc6e237-e8da-4bef-8bf7-574849920f18', '2025-09-30', 147, 86, true, '2025-10-30'),
('acd9da26-b533-452c-965b-84afcec2928a', 'ec64110a-967b-4850-af62-8bd00a76422e', '2026-02-16', 128, 92, true, '2026-03-18'),
('be126caf-c56f-4b06-96b4-b9494ebfe7b4', 'e70f4b18-5578-4988-bcc3-4201a91d4055', '2025-12-26', 140, 94, true, '2026-01-25'),
('59b3351f-cb26-4703-a5c1-39049a01920f', 'a120d483-da56-4f4c-90c4-b71a27ac26a7', '2025-11-12', 169, 84, true, '2025-12-12'),
('199c1018-1bb7-4946-86e7-615a3cb63af1', '0751223c-0bb0-45d8-b7f5-70209d1217c6', '2025-07-27', 130, 98, true, '2025-08-26'),
('c06d5608-bc3e-4bec-95a1-3e611ee5fae1', 'eedf29f8-a0cc-48af-97a9-a4fefd61094f', '2026-01-21', 140, 92, true, '2026-02-20'),
('f8b4231b-96e5-45fb-b9d8-e7c41f8c1fe3', '22639bfc-265f-4d40-9e20-66c95858da71', '2026-02-21', 141, 84, true, '2026-03-23'),
('0bda9a26-94a3-4d63-95ff-de030602639d', 'b2d58a72-de9a-4c49-a0ec-6632255c36d1', '2026-04-14', 156, 81, true, '2026-05-14'),
('b53d55d7-c09f-4f9a-9b54-22b8382c9aa4', '3995cde3-07b9-4c7c-9e86-b0c7d21aa889', '2025-11-30', 128, 92, true, '2025-12-30'),
('e80c8e46-b2f9-479d-97da-f58913282e66', '3225e8e1-2a27-4abb-9b95-f443de65b630', '2025-12-03', 128, 91, false, '2026-01-02'),
('f0ed0fbc-b598-462b-9c9b-3f0b9fd32ba1', '26a36fa8-a630-409a-95d5-9aad40faab2c', '2026-01-06', 137, 84, true, '2026-02-05'),
('7933a7e9-995b-46a9-a662-db7a37c931e6', '26a36fa8-a630-409a-95d5-9aad40faab2c', '2026-06-20', 139, 86, true, '2026-07-20'),
('ad930c85-4297-4eb7-8b30-05398acdba71', '976349ff-47bd-4cc1-b3bd-2dda51d70187', '2026-05-17', 139, 96, true, '2026-06-16'),
('81934b93-1897-43d1-977a-e31e5698d0ae', '269cd890-c044-4dae-a467-da7876439f60', '2025-10-02', 142, 86, true, '2025-11-01'),
('09f605f2-488f-4d14-a6c7-6c697bae0b92', '7fd93c96-f5df-44fd-8c28-d5ff810ead37', '2025-07-28', 134, 100, true, '2025-08-27'),
('40bbce85-90c6-4c91-8a20-3c5f7dd9e640', 'ad480718-7d5e-4cdf-8550-f0f7cd9cd5ce', '2026-01-11', 122, 98, true, '2026-02-10'),
('21f3b1e6-b17b-492c-986c-6b426a4cdaa5', '691c2d52-5005-4c24-87f7-41ebcab825e1', '2025-08-12', 155, 84, true, '2025-09-11'),
('00e9e1b7-e3b7-470b-8497-c06fea1a1a12', 'ad480718-7d5e-4cdf-8550-f0f7cd9cd5ce', '2025-07-29', 128, 90, true, '2025-08-28'),
('1f01cd86-b833-46ab-a265-be641d134010', '98df601e-401c-4ff0-baf4-da3237a1a44a', '2025-09-16', 140, 90, true, '2025-10-16'),
('2950cf52-48eb-4e90-90c4-6863fd60f9e1', 'bae924f4-2892-4c1a-8716-410bdeea5932', '2025-09-13', 159, 91, true, '2025-10-13'),
('81410836-0de3-475f-8857-864627120353', 'c5ef5327-e8af-4685-8f68-6cd136ef6ebd', '2025-10-01', 165, 100, true, '2025-10-31'),
('6ee64e98-749c-4597-9862-28d4231f8f93', '4f0c181a-1488-476f-ac84-38620a91c872', '2026-04-04', 170, 96, true, '2026-05-04'),
('aa845c67-dc5b-442a-9013-aabe79289851', '976349ff-47bd-4cc1-b3bd-2dda51d70187', '2026-01-28', 124, 80, true, '2026-02-27'),
('a13a8e72-9c30-4223-839b-287c3854235e', '0751223c-0bb0-45d8-b7f5-70209d1217c6', '2026-02-23', 143, 99, false, '2026-03-25'),
('ea0e4d29-9c89-4753-8a56-97da7b5e58f8', '3995cde3-07b9-4c7c-9e86-b0c7d21aa889', '2026-07-08', 127, 99, false, '2026-08-07'),
('cd94488b-7d68-48a7-9f65-55297f3f5ad7', 'e3489d5d-051b-4402-95c6-5f71e6601cbb', '2026-02-14', 133, 80, false, '2026-03-16'),
('09a2ce42-84b6-46b6-8c7a-09ba78c6e937', 'ec64110a-967b-4850-af62-8bd00a76422e', '2026-01-10', 165, 87, true, '2026-02-09'),
('4ba95e13-f1a4-4390-a8b8-ffe7d940b7e6', '96d0f314-8097-4492-9aa1-2f8d633293dd', '2026-01-15', 156, 88, true, '2026-02-14'),
('08dcb61c-cde4-4497-8a36-ad92fc235699', '1d672943-324f-4a14-8b2e-e26ba6765640', '2025-12-30', 162, 93, false, '2026-01-29'),
('1e7e50af-ab44-43d8-b1f3-d807677ddf04', 'b2d58a72-de9a-4c49-a0ec-6632255c36d1', '2026-03-28', 150, 92, true, '2026-04-27'),
('5c1981ad-046f-432a-9480-abfa000ac269', 'da839ad5-4ef3-47d2-84b9-980c89273c40', '2026-04-27', 137, 80, false, '2026-05-27'),
('20e2ae65-768c-4e15-8ab9-47ce64a69afe', '98df601e-401c-4ff0-baf4-da3237a1a44a', '2025-11-10', 156, 95, true, '2025-12-10'),
('7b94b22e-de02-4d0a-aa3e-d40d415be43e', 'cb2a6a86-e307-41b8-a90b-b1c4244a210c', '2026-02-02', 152, 84, true, '2026-03-04'),
('4db3186c-6ee5-488b-95d4-7494dafc295a', 'f9ee597b-87b3-4503-acb2-c0fdb9fe97f1', '2026-04-17', 146, 94, true, '2026-05-17'),
('28daf2fe-de19-4bba-ad3f-7d3b9fc9f920', 'fbc5b629-fd37-49e4-a648-d83b170d8363', '2025-08-10', 140, 94, false, '2025-09-09'),
('df84b350-7ceb-4188-99f2-3e324e104b97', '55183e70-85f0-4ea5-81c1-95803da68d55', '2026-05-26', 123, 100, false, '2026-06-25'),
('5fb05c7b-8db4-4b8d-9f75-79379181280e', '85b12897-5644-476a-915e-e6d4bfddaa00', '2026-06-03', 154, 86, false, '2026-07-03'),
('52e15651-29c6-4d98-93fc-da43e8eb8caa', '85b12897-5644-476a-915e-e6d4bfddaa00', '2025-11-16', 169, 80, true, '2025-12-16'),
('b88c5506-ce91-4965-902d-09d1417b2668', '6d4ddaba-f774-4467-a0f2-b3153cc2a7dc', '2025-11-15', 163, 97, false, '2025-12-15'),
('88995e71-6952-4909-859d-d0bc24f6e52e', 'a81e8318-2997-4f41-a9b6-822330326ad0', '2025-08-15', 148, 100, false, '2025-09-14'),
('2ce25597-b5ab-42d1-bff3-19ca6ddbc97c', 'cfc6e237-e8da-4bef-8bf7-574849920f18', '2026-03-23', 160, 98, true, '2026-04-22'),
('ce028356-a2bb-4d6f-9511-0d68aa334876', '24ab24fc-6de2-4730-b36d-4dcbfb43a5d1', '2025-07-21', 161, 93, true, '2025-08-20'),
('1404c54a-15d5-4da5-84a1-dad0ce17b38a', '3225e8e1-2a27-4abb-9b95-f443de65b630', '2026-04-16', 134, 85, true, '2026-05-16'),
('9b0e470c-ec4e-4083-a7c4-33335e5b80fc', 'c624f585-cd56-4395-8861-68d2bf270d64', '2025-08-21', 150, 97, true, '2025-09-20'),
('a4162fcc-8ec5-4d50-83db-9a3cfc1cc6ea', '5977973f-d6eb-4e88-a55b-040d75250be9', '2025-09-29', 133, 87, true, '2025-10-29'),
('acee35dd-bcb9-48cd-b772-3aed555ab2f4', '53dd9955-d442-40e3-b4ff-c4d27fda50bd', '2025-08-07', 123, 84, true, '2025-09-06'),
('8078ff6b-02c3-4a90-9e7e-979aeeee72ec', '557be4d6-df93-44c8-8827-b563f00f19c5', '2025-10-30', 150, 89, true, '2025-11-29'),
('c89c00ae-67e6-4f4f-a864-67f847764065', '28b8a01c-37e6-4d18-bbd8-f9e0635c8a5a', '2026-04-22', 150, 96, true, '2026-05-22'),
('b11a7621-1697-49e1-91ee-533d9ee7da1f', '55183e70-85f0-4ea5-81c1-95803da68d55', '2026-07-07', 126, 91, true, '2026-08-06'),
('d410ad63-4774-4370-8e92-1b83b0d74b7c', '5684fc1e-8535-480e-b95d-89353bfd0bf4', '2025-11-26', 139, 84, true, '2025-12-26'),
('e0ae402c-791d-452b-b3a2-8a7bae029289', 'e3489d5d-051b-4402-95c6-5f71e6601cbb', '2026-02-20', 122, 82, false, '2026-03-22'),
('ec45c518-1aba-4f69-b03a-5a53fa0d2ed3', 'fbc5b629-fd37-49e4-a648-d83b170d8363', '2026-01-09', 128, 90, true, '2026-02-08'),
('fd6229be-2082-4b54-af4d-df507809475b', '4d0a1f41-5143-41d2-b8b8-7993a6feb897', '2025-11-28', 167, 85, true, '2025-12-28'),
('e3a89cfa-56c4-430a-8f85-7693aa2bf67d', '2f615934-0c1c-4245-93f2-e65a95a6100b', '2025-12-02', 136, 86, false, '2026-01-01'),
('6dc742d4-c3ca-47ee-bf9f-e1d745db34f3', '4cfebff4-0ef6-4a1f-8233-ab97844e04ca', '2025-08-18', 141, 85, false, '2025-09-17'),
('f52c6ce1-73b3-450f-91c7-a7c23cf0280c', '06ec1f49-0f2c-4a0d-8299-6799d1f0a1a5', '2025-11-13', 152, 97, false, '2025-12-13'),
('de8680d4-1a3b-4405-baa1-bea2146f8225', '5684fc1e-8535-480e-b95d-89353bfd0bf4', '2025-09-15', 120, 96, false, '2025-10-15'),
('6ce2e59d-517c-4b7c-8d4d-4e3402517df0', 'a8f6b1b1-aa7a-4b50-a228-77df9aea52af', '2026-04-30', 158, 82, true, '2026-05-30'),
('82c0f7f5-0dff-4d47-bfe3-40d2f56221b7', '26a36fa8-a630-409a-95d5-9aad40faab2c', '2026-04-07', 135, 100, true, '2026-05-07'),
('74154816-2026-45ad-81e7-e18464961e11', 'e1f4316a-06de-4042-85d5-f95b32eab5cc', '2025-07-30', 136, 99, true, '2025-08-29'),
('0c22d77e-5911-45b1-8be0-8b6e4072ea70', '02c15c4f-5744-4b50-9466-f5cbc4952d19', '2025-07-22', 137, 100, true, '2025-08-21'),
('44d99857-25f1-4434-a9b8-4dd7c2546a0f', 'e70f4b18-5578-4988-bcc3-4201a91d4055', '2025-10-31', 159, 100, true, '2025-11-30'),
('deaca3c4-0a5a-41b8-b75c-10905f602587', '53dd9955-d442-40e3-b4ff-c4d27fda50bd', '2025-11-28', 132, 88, false, '2025-12-28'),
('e88278eb-69cd-47fb-a6e2-59fdd6f68da9', '96bac565-51dc-4b03-9949-bd77884644a9', '2025-08-20', 134, 94, false, '2025-09-19'),
('8eb82495-4d52-4a90-8d21-45cec4aa1a39', '1d672943-324f-4a14-8b2e-e26ba6765640', '2025-07-28', 163, 84, false, '2025-08-27'),
('a22be6a6-2d69-4dca-9867-43a0672bd0ef', '3abaacdd-25b7-4335-a7ab-077c9034bf0e', '2025-11-24', 128, 95, true, '2025-12-24'),
('de05e181-2ab7-4a39-bb02-bf404d031408', '4f0c181a-1488-476f-ac84-38620a91c872', '2025-09-01', 160, 89, false, '2025-10-01'),
('c887958e-4627-4249-8ab8-49dd265a34bc', '86589df0-065e-4895-bb7d-77f9062fe89c', '2026-06-24', 131, 93, true, '2026-07-24'),
('2967459d-a904-481e-b15f-39cdb2cdcc97', '5a99bd42-62c0-4810-846c-612f30dc8161', '2025-12-30', 149, 99, false, '2026-01-29'),
('a2c110a1-3e9f-4a2c-8ecc-07a07c3b4354', '876cdadb-0459-455c-a07b-c2b2d4c215a3', '2025-07-31', 130, 85, true, '2025-08-30'),
('2c13d619-5724-48fa-a970-cb747dbf28d7', 'ac00a3f2-2f92-4767-be73-4a12e582b181', '2025-11-11', 167, 86, false, '2025-12-11'),
('7bab8d47-9d4f-40ca-aa72-7b949f0f84ee', '8c14f13b-3a4a-46eb-8c11-10e06a3b117b', '2026-05-05', 150, 99, false, '2026-06-04'),
('802f66f5-2800-4e46-9c5e-5568997f70b4', '1d672943-324f-4a14-8b2e-e26ba6765640', '2025-12-29', 132, 88, false, '2026-01-28'),
('69462246-330a-4992-967a-778e259ddf45', '2f63e6fd-74e3-4857-87a3-1be097351aeb', '2026-05-11', 125, 85, true, '2026-06-10'),
('0fb93839-98d4-4203-8b8e-8c91b6806b4f', '6558d8dc-5162-47a1-af8a-4df3295ebe5a', '2025-11-21', 139, 89, true, '2025-12-21'),
('93da4577-3aa7-4756-84c8-597b6405386f', '8811dd03-b133-4d59-be4d-e1548870fcb3', '2026-03-01', 128, 81, true, '2026-03-31'),
('a0aa61b0-7737-4fe7-9f6a-88c4775ef625', '98df601e-401c-4ff0-baf4-da3237a1a44a', '2025-08-04', 148, 100, true, '2025-09-03'),
('0ec9c2af-c02a-4d6e-8755-2446065fac09', '6d4ddaba-f774-4467-a0f2-b3153cc2a7dc', '2026-01-19', 148, 83, false, '2026-02-18'),
('f78cbfe6-53fb-4c88-93c9-74322dcf2722', 'cae1deaa-06c6-408e-b08c-d4d4e7b1a205', '2025-08-12', 123, 98, true, '2025-09-11'),
('3edf37ed-8b46-4d96-988f-894e1e3a180c', '5684fc1e-8535-480e-b95d-89353bfd0bf4', '2025-08-13', 121, 80, true, '2025-09-12'),
('d06eb811-8299-494a-823f-c088e2f7ca68', '95952c5e-5b28-4663-bd92-7fffe9d34b4f', '2026-03-05', 127, 96, false, '2026-04-04'),
('58af1114-4371-46f7-bb3c-7b558b5c588a', '5a99bd42-62c0-4810-846c-612f30dc8161', '2025-12-02', 158, 91, true, '2026-01-01'),
('5171edb5-f0c4-48bf-a352-ce99d16504fd', '10ca9a52-e713-4de5-9218-c7d30cf8a89e', '2025-07-27', 127, 89, false, '2025-08-26'),
('a2c4b117-da50-4d3d-bafa-38edaed09731', 'ff3bc740-6fd9-47c9-a211-2898efccaa03', '2026-02-28', 151, 99, false, '2026-03-30'),
('2f8cedec-1dda-4896-b523-a8708d088b30', 'e7a40c63-1c68-4d4c-9b98-486cb5c26f2a', '2025-11-26', 124, 87, true, '2025-12-26'),
('061f605a-df25-46af-9d0d-9eb5849925e9', '3f4d4d85-79db-4b2b-a47e-6f0f52db7fb4', '2026-05-31', 154, 100, true, '2026-06-30'),
('be397d77-009b-4f26-8b9e-0e80276ad0ef', '629b6b4b-e7ff-4cef-8bf9-ea6371ae12b3', '2025-10-11', 163, 95, true, '2025-11-10'),
('59f397bb-d3cf-4fca-b1c3-043c2ca0134b', 'a81e8318-2997-4f41-a9b6-822330326ad0', '2026-03-26', 125, 82, true, '2026-04-25'),
('0f95944b-5945-4eda-a3bc-7542ca76476c', '629b6b4b-e7ff-4cef-8bf9-ea6371ae12b3', '2025-07-16', 120, 92, false, '2025-08-15'),
('c48ab261-32a4-4bf9-be3a-f8be524448c2', 'ad480718-7d5e-4cdf-8550-f0f7cd9cd5ce', '2025-10-22', 122, 97, false, '2025-11-21'),
('da375b92-5124-42b4-8535-ab8acdf16a48', '4f0c181a-1488-476f-ac84-38620a91c872', '2026-06-09', 144, 92, true, '2026-07-09'),
('0271ab0a-46fb-4222-aa5b-04da9b716e94', 'bf3ee84e-8ae2-42c1-a834-e4619ae52c48', '2026-01-17', 168, 96, false, '2026-02-16'),
('144ad0ea-0fdb-4937-b57a-69717e90223e', '98df601e-401c-4ff0-baf4-da3237a1a44a', '2025-11-07', 138, 90, true, '2025-12-07'),
('b8158209-d14f-4e5c-9481-9138e5099eb2', '2f615934-0c1c-4245-93f2-e65a95a6100b', '2026-04-24', 124, 82, true, '2026-05-24'),
('ccb9a354-465a-4ef1-beb7-e9e5f15b6a1b', 'bf3ee84e-8ae2-42c1-a834-e4619ae52c48', '2025-09-13', 120, 100, true, '2025-10-13'),
('b63dd8df-ce38-429a-9a53-8bbb8d73ff89', '7fd93c96-f5df-44fd-8c28-d5ff810ead37', '2026-01-21', 161, 83, true, '2026-02-20'),
('99fada76-f04c-42f8-b8e2-0d4c7831c3e9', '0c53ac05-1bb3-496b-916e-a63ae2039c4e', '2025-09-07', 124, 94, false, '2025-10-07'),
('962ef7f5-4c89-4b44-9659-10f7cdbb2a01', 'ba131205-9612-4af5-8504-f48409c7a07a', '2026-01-12', 160, 94, true, '2026-02-11'),
('d5c89159-d0eb-4830-9aa1-c1113c354581', 'bf3ee84e-8ae2-42c1-a834-e4619ae52c48', '2026-04-19', 153, 90, true, '2026-05-19'),
('92e19522-1737-4947-8554-7076efe20f04', 'a81e8318-2997-4f41-a9b6-822330326ad0', '2025-08-04', 122, 94, true, '2025-09-03'),
('ec029e75-9a9a-43c8-89d5-39129421230d', '876cdadb-0459-455c-a07b-c2b2d4c215a3', '2026-04-04', 170, 80, true, '2026-05-04'),
('dd81720f-7344-4a59-aa17-e84bb6e5b534', '0751223c-0bb0-45d8-b7f5-70209d1217c6', '2026-01-21', 147, 94, true, '2026-02-20'),
('0f8ee760-9696-40f0-a5ef-f60557021f40', '10ca9a52-e713-4de5-9218-c7d30cf8a89e', '2026-02-23', 163, 82, false, '2026-03-25'),
('aa202b40-d3ca-4916-9ebe-899a4e7872b7', '6fe6f226-3189-4cd7-8203-8d80b7a49b97', '2025-11-30', 123, 80, true, '2025-12-30'),
('196e30b8-8afb-4ffc-9f88-d05e70f6b687', 'c13b0e41-57a4-44cd-ba34-d6b28e9e8a83', '2026-02-23', 157, 92, false, '2026-03-25'),
('86801973-85b6-404c-9d24-21c1cdf66768', 'f1012e9d-d164-496a-91a2-818dc30a06d3', '2025-08-25', 168, 92, false, '2025-09-24'),
('4679d2ae-b9bb-4cab-8c30-e8e657c42110', '06ec1f49-0f2c-4a0d-8299-6799d1f0a1a5', '2026-01-04', 153, 98, true, '2026-02-03'),
('89856cc7-b298-4e8d-a346-8bcdbc6a0c3f', '2f63e6fd-74e3-4857-87a3-1be097351aeb', '2026-05-12', 164, 82, true, '2026-06-11'),
('2f32391f-44ea-4b79-9850-350767ea9f81', '24ab24fc-6de2-4730-b36d-4dcbfb43a5d1', '2025-11-04', 155, 87, true, '2025-12-04'),
('cc01349c-cb47-41be-8716-fc451aac0c7f', '269cd890-c044-4dae-a467-da7876439f60', '2026-03-21', 129, 98, true, '2026-04-20'),
('91b6d07f-d256-435e-86da-d28742def5a1', '8f549e11-dd3d-48fd-bdb9-d5dcde8653b6', '2025-10-10', 167, 88, true, '2025-11-09'),
('681c0e27-b847-43bc-911c-892405ff474d', '96d0f314-8097-4492-9aa1-2f8d633293dd', '2025-08-16', 151, 93, true, '2025-09-15'),
('c233f8c0-44d0-4b61-8818-5da481c144a2', '95952c5e-5b28-4663-bd92-7fffe9d34b4f', '2025-10-18', 163, 83, false, '2025-11-17'),
('268f036f-36b8-4068-8a6c-0c0b4ce60c79', '697f9e3d-0555-4131-9f9d-1c01accc2da8', '2026-04-09', 148, 98, true, '2026-05-09'),
('341ead2e-7a6f-4301-91fc-5f6b5c976971', '56b43ebc-3d75-43f9-b185-88c19e7a2a44', '2025-09-01', 146, 97, true, '2025-10-01'),
('3062db7c-237d-4833-b587-dc450561fdee', '6e6818f2-9d99-45d7-bfb3-29f4a6ec1746', '2026-02-22', 161, 98, false, '2026-03-24'),
('be8f6622-5def-4519-8cc2-d98288b30fec', '56b43ebc-3d75-43f9-b185-88c19e7a2a44', '2025-09-19', 164, 95, false, '2025-10-19'),
('7b82da6e-e57e-4c19-a111-28569b252f80', '96bac565-51dc-4b03-9949-bd77884644a9', '2026-05-30', 142, 90, false, '2026-06-29'),
('7fb77685-d661-46e0-8882-d72ada7cc5f2', '843900ba-003d-4d80-9161-536a52bd1909', '2026-04-24', 153, 92, true, '2026-05-24'),
('bf5a87eb-52ee-4706-8946-f6a33f042947', '1b25a18f-0731-4d3b-99cd-25fb19b8a1f8', '2026-02-19', 153, 97, true, '2026-03-21'),
('87235ba6-a8dd-4af3-916f-d933f9bfef65', 'e1f4316a-06de-4042-85d5-f95b32eab5cc', '2026-05-30', 143, 96, true, '2026-06-29'),
('c743e89a-15b8-4774-bbe2-2edd0d230432', '53dd9955-d442-40e3-b4ff-c4d27fda50bd', '2025-09-17', 156, 86, true, '2025-10-17'),
('58747abb-b960-4d05-bd5f-58a7e06639f7', '3bb638ee-787a-400d-a8b7-84809c8b2a04', '2025-11-07', 134, 97, false, '2025-12-07'),
('b068c770-5e16-4cbe-afc6-2e469af114d7', '3995cde3-07b9-4c7c-9e86-b0c7d21aa889', '2025-09-03', 169, 83, true, '2025-10-03'),
('21be0487-eeb5-4c0d-b425-0979ea80ee2e', 'f1012e9d-d164-496a-91a2-818dc30a06d3', '2026-03-06', 128, 95, false, '2026-04-05'),
('da94a861-b887-4ab2-ae49-d8fa4bf8edea', '4d0a1f41-5143-41d2-b8b8-7993a6feb897', '2025-09-20', 147, 95, false, '2025-10-20'),
('36525b26-377b-4517-867c-cb546e3ce458', '8222a4e7-a163-40b7-88b7-afd5d5c30be4', '2026-05-20', 121, 88, false, '2026-06-19'),
('c9d0872d-1334-4499-abed-2cfbc933c148', '8811dd03-b133-4d59-be4d-e1548870fcb3', '2025-07-24', 142, 84, true, '2025-08-23'),
('bf9efbfd-f498-4c4c-b284-f140277bf527', '4f0c181a-1488-476f-ac84-38620a91c872', '2026-06-23', 166, 89, true, '2026-07-23'),
('ec00c90f-5a2e-459f-8325-951126584cdc', 'f9ee597b-87b3-4503-acb2-c0fdb9fe97f1', '2025-08-27', 128, 86, true, '2025-09-26'),
('f0b26281-9069-4efe-91bf-438e58af49ba', 'cb2a6a86-e307-41b8-a90b-b1c4244a210c', '2025-12-12', 137, 83, true, '2026-01-11'),
('794bda5e-6ab4-42ba-b194-618e6b351064', '6c9e6f40-2dff-4f94-8e1a-0f0b2117db44', '2026-04-24', 125, 83, true, '2026-05-24'),
('07586174-8780-459d-87a8-43c47f7dd8d5', 'f3c65feb-4fd0-4dd4-879c-d4501e5ce261', '2025-08-15', 166, 93, true, '2025-09-14'),
('0a7d52ff-7c29-4969-9a73-ec299516de4b', 'a6c7e986-feb3-4deb-a757-277e2c178c39', '2025-09-30', 165, 95, true, '2025-10-30'),
('39022a42-7419-4572-a78b-e10c24cc7f5b', '8222a4e7-a163-40b7-88b7-afd5d5c30be4', '2025-11-09', 157, 97, true, '2025-12-09'),
('10a8501a-a472-492a-b8c6-43c64495b59b', '68ceb7df-0e85-4c30-b3e1-253d5a6e53f2', '2026-01-26', 121, 97, true, '2026-02-25'),
('5c8c32b4-c96d-4fe5-922b-e5c5af8bc6c2', '8222a4e7-a163-40b7-88b7-afd5d5c30be4', '2026-07-05', 154, 82, false, '2026-08-04'),
('799d2bcd-afe7-46ba-81b3-f4c98619a186', '6d4ddaba-f774-4467-a0f2-b3153cc2a7dc', '2025-10-13', 169, 87, true, '2025-11-12'),
('d734e28d-4161-47e4-b918-030316346ffb', '5977973f-d6eb-4e88-a55b-040d75250be9', '2026-01-09', 158, 90, true, '2026-02-08'),
('7920ed6d-a112-4d45-84af-4300803fc691', 'afb6a857-ec10-4e93-96c6-8ea0b027ad8c', '2025-10-06', 125, 94, false, '2025-11-05'),
('0f6f74a9-9be3-444c-af20-a84fece9d3d0', '4cfebff4-0ef6-4a1f-8233-ab97844e04ca', '2025-12-19', 154, 96, false, '2026-01-18'),
('b2acc637-3601-475c-9f5c-6ae4708cef5c', 'f04f1fc2-cd1d-489b-b1b9-523ac7688265', '2026-03-21', 158, 84, false, '2026-04-20'),
('1f08ba36-3e10-44a3-a52d-7afeb1d4d0c3', '1db440d1-44c7-4765-803f-34ee61f18e8f', '2025-07-28', 131, 81, false, '2025-08-27'),
('4fc89cbe-db49-4ba7-9c7f-5ca2f94c7b2a', '6558d8dc-5162-47a1-af8a-4df3295ebe5a', '2025-09-11', 130, 86, false, '2025-10-11'),
('89848898-3a34-48c9-9fd0-e2fd729df4f1', 'cb2a6a86-e307-41b8-a90b-b1c4244a210c', '2025-11-18', 166, 92, true, '2025-12-18'),
('652d348b-ed8c-4fbf-ac2e-bac58b31ad67', '96d0f314-8097-4492-9aa1-2f8d633293dd', '2026-07-10', 122, 94, false, '2026-08-09'),
('1636d87b-ae9b-4b0b-8b2a-e49051250d4e', 'bf3ee84e-8ae2-42c1-a834-e4619ae52c48', '2026-05-02', 166, 82, true, '2026-06-01'),
('dfcfae7c-c07c-4046-919d-58355bee0b8d', 'f3ee170c-1326-48d7-aefc-bd056d2ed712', '2026-05-14', 136, 92, true, '2026-06-13'),
('e6c5c593-4dd1-4331-9331-3666593cf74d', '96d0f314-8097-4492-9aa1-2f8d633293dd', '2026-06-12', 126, 83, true, '2026-07-12'),
('71809441-ee88-43d8-9a6e-5ff8aa93c3cd', '10ca9a52-e713-4de5-9218-c7d30cf8a89e', '2026-06-30', 125, 85, true, '2026-07-30'),
('6160ebd7-7400-4309-b8d5-f9658081536d', '53dd9955-d442-40e3-b4ff-c4d27fda50bd', '2025-12-09', 143, 84, false, '2026-01-08'),
('1813df60-be00-4f90-bf28-be026f664522', '004c20d3-54f5-42cf-b262-927ea1be7cb3', '2026-06-08', 138, 88, true, '2026-07-08'),
('109f47ad-8ce4-484f-9391-2bb1beed74f1', 'cb2a6a86-e307-41b8-a90b-b1c4244a210c', '2025-11-02', 136, 84, true, '2025-12-02'),
('30788762-17c7-4a89-99c6-2d0b9494f9f9', 'accd144c-e290-4ed1-a9ff-b4bd93adae4e', '2025-07-22', 124, 94, false, '2025-08-21'),
('dd9cdc6a-9a6f-4ae0-a94e-45a3bbea8ae2', 'a6c7e986-feb3-4deb-a757-277e2c178c39', '2025-12-11', 164, 100, false, '2026-01-10'),
('e42a3049-fec0-45f7-a60b-3b3262162794', '976349ff-47bd-4cc1-b3bd-2dda51d70187', '2025-10-29', 145, 83, true, '2025-11-28'),
('265a305f-23d6-41eb-8da6-689aba86d674', '4f0c181a-1488-476f-ac84-38620a91c872', '2026-06-09', 146, 89, true, '2026-07-09'),
('a731937d-3a30-4b40-9b03-943f31563ad7', '843900ba-003d-4d80-9161-536a52bd1909', '2026-02-22', 148, 84, true, '2026-03-24'),
('281e2cba-2b17-44f3-bd26-1fe6ba0ecba9', '9cd10ccf-d849-4d27-9243-9868329f9ea7', '2025-07-24', 154, 83, true, '2025-08-23'),
('ef1e0dcb-5523-43ee-8d37-80a5f71e06d7', '24ab24fc-6de2-4730-b36d-4dcbfb43a5d1', '2025-12-28', 136, 93, false, '2026-01-27'),
('2cd7ce11-a807-4cf7-8f5a-dfa77e18f517', 'f3f377c2-49a3-43cc-bc84-efb553f44766', '2025-08-30', 135, 85, false, '2025-09-29'),
('ae884020-d097-4124-a14b-1ec24984c2ea', '697f9e3d-0555-4131-9f9d-1c01accc2da8', '2026-05-10', 155, 85, true, '2026-06-09'),
('456c2837-eb2c-4bbf-87d6-a6d2ec04011f', 'c9d96295-2dd8-4652-955d-15564a1e991a', '2025-10-03', 168, 80, true, '2025-11-02'),
('a893c5f1-a8bc-4336-84db-bc854b7d639d', 'afb6a857-ec10-4e93-96c6-8ea0b027ad8c', '2026-03-31', 151, 97, true, '2026-04-30'),
('ea1b4968-95d6-4ed3-a5ad-73953c2067cb', 'cae1deaa-06c6-408e-b08c-d4d4e7b1a205', '2026-05-08', 121, 88, true, '2026-06-07'),
('d4cdb25a-6c4f-46be-b53d-fa4691f915a0', '7fd93c96-f5df-44fd-8c28-d5ff810ead37', '2026-07-10', 158, 94, true, '2026-08-09'),
('60742393-b173-4b17-8217-a136918b7796', '68ceb7df-0e85-4c30-b3e1-253d5a6e53f2', '2025-08-21', 130, 98, true, '2025-09-20'),
('a401d7d9-90d9-4a16-ad1d-6ada11bb6757', '56b43ebc-3d75-43f9-b185-88c19e7a2a44', '2025-08-21', 153, 93, false, '2025-09-20'),
('bf5e99cb-436b-48a9-9ec0-b72de76b1c96', '8811dd03-b133-4d59-be4d-e1548870fcb3', '2026-07-07', 152, 95, true, '2026-08-06'),
('d2c8c717-33fe-417b-bfd3-1f3a32fef4ff', 'f3f377c2-49a3-43cc-bc84-efb553f44766', '2026-03-15', 161, 97, true, '2026-04-14'),
('7d239627-ad4c-44b1-a637-ffc1d2aab1b0', '26f21b6a-ef6d-4027-bba3-185c5d50d618', '2026-06-20', 126, 92, false, '2026-07-20'),
('13c3433c-cca1-499a-96a2-bfee95c51c42', '4d0a1f41-5143-41d2-b8b8-7993a6feb897', '2025-08-17', 121, 88, false, '2025-09-16'),
('78db5c5e-3cd1-440f-8493-5af1f82e6dc6', '10ca9a52-e713-4de5-9218-c7d30cf8a89e', '2025-07-17', 138, 81, true, '2025-08-16'),
('bc0c1585-e742-4821-8799-72276aa2f257', 'ceb2a9f3-19d4-44f9-a58b-70fbcc23b990', '2026-05-19', 131, 84, false, '2026-06-18'),
('5495aab4-d883-4fe8-afab-a793369aae6b', '749fdfe1-2e37-475c-a018-874fa3b7ed33', '2025-11-17', 141, 99, true, '2025-12-17'),
('0a3ec9ad-cc21-468b-9210-6193ad21593d', 'ec64110a-967b-4850-af62-8bd00a76422e', '2025-11-01', 154, 95, true, '2025-12-01'),
('47e6fdc9-2382-4216-98e1-8248dc8d2d2a', 'e3489d5d-051b-4402-95c6-5f71e6601cbb', '2026-01-31', 129, 80, true, '2026-03-02'),
('e920f19e-b199-4261-bd2d-13cac7f0819e', '68ceb7df-0e85-4c30-b3e1-253d5a6e53f2', '2025-10-16', 153, 96, true, '2025-11-15'),
('7a50b420-628e-424d-ba32-d8fd472bdcaf', 'f3ee170c-1326-48d7-aefc-bd056d2ed712', '2025-12-30', 150, 81, false, '2026-01-29'),
('08d49dc2-9d7f-427f-8fb2-9ed0867869cd', '98df601e-401c-4ff0-baf4-da3237a1a44a', '2026-04-13', 168, 86, true, '2026-05-13'),
('9eab39d9-ab01-40fd-b45a-bd86494ccd3d', 'cb2a6a86-e307-41b8-a90b-b1c4244a210c', '2025-10-17', 132, 81, true, '2025-11-16'),
('5d922f18-f966-45f5-a3b4-ad17ab2f2d7b', 'ceb2a9f3-19d4-44f9-a58b-70fbcc23b990', '2026-03-23', 155, 84, true, '2026-04-22'),
('a8d1bf24-84ba-4861-8a0c-cb75f8858b68', 'bae924f4-2892-4c1a-8716-410bdeea5932', '2025-11-08', 128, 88, false, '2025-12-08'),
('2c80421d-1252-48aa-97d3-27dccf6ea3a6', 'a120d483-da56-4f4c-90c4-b71a27ac26a7', '2026-01-27', 128, 100, true, '2026-02-26'),
('503c5325-ca63-4298-aa4c-e03328fee973', 'ad480718-7d5e-4cdf-8550-f0f7cd9cd5ce', '2026-04-27', 167, 87, true, '2026-05-27'),
('dfe7de23-9dc6-4fb3-b245-a2a34ebe0f23', '2f63e6fd-74e3-4857-87a3-1be097351aeb', '2025-12-23', 125, 81, true, '2026-01-22'),
('fd263878-587b-4e9b-a84d-78653b3b252a', 'ec64110a-967b-4850-af62-8bd00a76422e', '2026-05-08', 138, 86, false, '2026-06-07'),
('c80cb168-de73-482a-8501-b3d865de9fc4', '5684fc1e-8535-480e-b95d-89353bfd0bf4', '2026-06-27', 136, 86, true, '2026-07-27'),
('e29a59f1-ffad-42de-883b-5a25867f0714', '7e56d7e2-9118-438d-94dc-f228c7daa91b', '2025-12-14', 126, 88, false, '2026-01-13'),
('418203dc-2424-479e-9edc-f5d70bf8ae66', 'a8f6b1b1-aa7a-4b50-a228-77df9aea52af', '2025-11-12', 141, 100, true, '2025-12-12'),
('225084ce-446c-4827-a7b5-db5b0ed55362', '38457804-1a9a-4102-a493-403103acf8a2', '2026-03-31', 129, 85, true, '2026-04-30'),
('f5fa23c6-a8d6-4e71-8e39-10f4de712d36', 'ba131205-9612-4af5-8504-f48409c7a07a', '2025-10-10', 126, 94, true, '2025-11-09'),
('1452c19a-2151-429a-8418-d7e66511a733', '0aa5e257-ea07-45ac-ba75-ea048a9f60e0', '2026-05-15', 132, 82, true, '2026-06-14'),
('f0037522-2b41-4c76-abdc-b09394e61c31', 'f3312539-103d-4b96-b56c-b4692338f671', '2026-06-13', 140, 94, true, '2026-07-13'),
('9d35bb9d-2f7a-4825-a56f-89b279c3ef7a', 'c13b0e41-57a4-44cd-ba34-d6b28e9e8a83', '2026-07-03', 124, 91, true, '2026-08-02'),
('367fdbe8-cd4a-4903-af9c-b3d948b7e477', '26f21b6a-ef6d-4027-bba3-185c5d50d618', '2026-05-19', 151, 87, true, '2026-06-18'),
('4ff2db79-e726-4e9f-8124-dea1db61b79a', 'bf3ee84e-8ae2-42c1-a834-e4619ae52c48', '2025-07-26', 139, 95, false, '2025-08-25'),
('ec423f02-e29d-450e-af0c-23e51218d572', 'cae1deaa-06c6-408e-b08c-d4d4e7b1a205', '2025-09-23', 166, 93, true, '2025-10-23'),
('5de6c66e-fc11-464d-a472-4c42f031e00a', '02c15c4f-5744-4b50-9466-f5cbc4952d19', '2026-06-11', 138, 92, true, '2026-07-11'),
('3e5b6cf0-58e6-44ed-9cd6-57b893fad97b', 'e057fa00-632f-4155-9c6f-ba89f567305f', '2025-09-19', 145, 84, true, '2025-10-19'),
('6bbd4401-ca09-409f-b1b1-b6e25f857d80', '6fe6f226-3189-4cd7-8203-8d80b7a49b97', '2026-01-19', 148, 94, false, '2026-02-18'),
('f4bb70b5-8b40-472f-b537-b315768105b5', 'a81e8318-2997-4f41-a9b6-822330326ad0', '2026-04-19', 135, 87, false, '2026-05-19'),
('ba3647eb-ae90-4277-8246-98c759ce3bbf', '5977973f-d6eb-4e88-a55b-040d75250be9', '2026-07-04', 140, 100, true, '2026-08-03'),
('ecdfde85-6abd-40c4-acdb-049b6fa90692', 'f04f1fc2-cd1d-489b-b1b9-523ac7688265', '2026-05-12', 160, 85, true, '2026-06-11'),
('779faa81-75ba-45eb-ad4d-6d2d71ba1d04', '2f615934-0c1c-4245-93f2-e65a95a6100b', '2025-11-29', 164, 84, false, '2025-12-29'),
('3fdfd40f-702a-4323-9ade-d1823250110c', 'ec64110a-967b-4850-af62-8bd00a76422e', '2026-04-06', 155, 83, false, '2026-05-06'),
('c45d69d2-7d3a-4654-a267-e54a8d73c8c4', '0aa5e257-ea07-45ac-ba75-ea048a9f60e0', '2026-02-17', 131, 88, true, '2026-03-19'),
('c3d1eee3-ac08-4dd1-8c5a-99b35a1d0743', '8f2c5313-f54c-4568-b61a-fbc218a51ea5', '2026-02-13', 148, 81, true, '2026-03-15'),
('028a99e8-989e-488b-bd55-a74d8b980dee', '8f2c5313-f54c-4568-b61a-fbc218a51ea5', '2026-04-26', 157, 99, false, '2026-05-26'),
('c8c83288-b22c-4095-878e-50ae7ac7b88f', 'fbc5b629-fd37-49e4-a648-d83b170d8363', '2026-07-05', 133, 84, false, '2026-08-04'),
('da243ee5-76d1-48c4-b522-2effe86f7b0a', '269cd890-c044-4dae-a467-da7876439f60', '2025-07-28', 121, 82, true, '2025-08-27'),
('f8186060-0930-436c-9e1c-e4826e511329', '55418b05-0f9f-4a28-853e-e3866640bb43', '2026-02-02', 159, 85, true, '2026-03-04'),
('911bafaf-6020-48c1-87e2-f59f69650bb1', 'c624f585-cd56-4395-8861-68d2bf270d64', '2025-07-14', 142, 84, true, '2025-08-13'),
('b3eb9cf2-cbe7-4a33-aff4-24a4fe077cf0', '3abaacdd-25b7-4335-a7ab-077c9034bf0e', '2026-02-20', 168, 99, true, '2026-03-22'),
('967ddd55-37cb-4d30-bb9a-f595b54aa26a', 'da4634ef-b9c1-4070-a9f7-9936ebc37400', '2026-07-02', 154, 86, true, '2026-08-01'),
('755f005e-ef46-42a8-9670-57acb9c7335c', 'da839ad5-4ef3-47d2-84b9-980c89273c40', '2025-09-11', 134, 81, true, '2025-10-11'),
('2fcd16f1-ce5c-4edc-83d3-785026a21686', '24ab24fc-6de2-4730-b36d-4dcbfb43a5d1', '2026-06-09', 144, 96, true, '2026-07-09'),
('2f6350bd-b445-47f7-a6ca-e1ec4ce9e72b', 'b6e5db75-a97a-46ba-9401-0961c093e643', '2025-08-05', 159, 85, false, '2025-09-04'),
('3c8187fd-3f22-4312-b55b-f609a5985716', 'e1f4316a-06de-4042-85d5-f95b32eab5cc', '2025-12-24', 124, 88, true, '2026-01-23'),
('92a0a538-d0c7-4711-971c-766f8b836a08', '96d0f314-8097-4492-9aa1-2f8d633293dd', '2025-08-09', 128, 92, false, '2025-09-08'),
('e5cac592-43f4-4f7a-b423-63ab6c378437', '06ec1f49-0f2c-4a0d-8299-6799d1f0a1a5', '2026-06-27', 161, 91, true, '2026-07-27'),
('f4791933-9bea-4ad3-8d88-ae9b22876c27', 'ba131205-9612-4af5-8504-f48409c7a07a', '2026-03-06', 121, 86, true, '2026-04-05'),
('41691071-29a0-4f03-b212-4d4d332cce41', '98df601e-401c-4ff0-baf4-da3237a1a44a', '2026-05-02', 142, 97, true, '2026-06-01'),
('862a54e5-cf51-4ce3-a8e5-37900672cbb0', '749fdfe1-2e37-475c-a018-874fa3b7ed33', '2025-12-13', 160, 87, true, '2026-01-12'),
('8e2319ab-0c04-4620-b487-81c3bab4fb20', '2ac18128-6f0a-440c-9f66-130063508b9a', '2026-06-01', 156, 94, false, '2026-07-01'),
('11a509ec-005b-4cd2-9259-7886d84d1d6b', '86589df0-065e-4895-bb7d-77f9062fe89c', '2025-08-26', 147, 94, true, '2025-09-25'),
('a9d7e39d-5744-4dab-9050-773e42c63702', '06ec1f49-0f2c-4a0d-8299-6799d1f0a1a5', '2026-04-14', 133, 91, true, '2026-05-14'),
('92564b4e-e4aa-4e0c-94df-3e5d6cf638e7', 'bae924f4-2892-4c1a-8716-410bdeea5932', '2026-01-11', 129, 85, false, '2026-02-10'),
('0318a95d-6426-4040-a03c-331801eee8a2', '06ec1f49-0f2c-4a0d-8299-6799d1f0a1a5', '2026-04-14', 156, 99, true, '2026-05-14'),
('e0644e44-f2c2-4ecb-92b2-f1548d749a17', '9cd10ccf-d849-4d27-9243-9868329f9ea7', '2026-05-12', 140, 100, true, '2026-06-11'),
('04411f33-4a8b-4287-8376-63e7ba723cdf', '1b25a18f-0731-4d3b-99cd-25fb19b8a1f8', '2026-07-03', 153, 91, false, '2026-08-02'),
('971182da-b068-4ebd-95b6-bc38c529965b', '26a36fa8-a630-409a-95d5-9aad40faab2c', '2026-06-28', 159, 80, true, '2026-07-28'),
('86bad57e-a38a-4762-9125-c3f1070004a9', 'c9d96295-2dd8-4652-955d-15564a1e991a', '2026-03-30', 165, 88, true, '2026-04-29'),
('7b2c0d9f-4061-4d44-a87b-b7be2a4c77b4', '7fd93c96-f5df-44fd-8c28-d5ff810ead37', '2025-12-30', 162, 96, true, '2026-01-29'),
('39dcaca0-0fa1-473d-98ef-aee366f0b226', 'accd144c-e290-4ed1-a9ff-b4bd93adae4e', '2026-03-24', 156, 98, true, '2026-04-23'),
('2f5856cc-72ad-4c3c-b74f-6cd38fb5e477', 'accd144c-e290-4ed1-a9ff-b4bd93adae4e', '2025-10-04', 130, 95, false, '2025-11-03'),
('3604dd5a-fc73-4f73-9d64-7038debb95b2', '749fdfe1-2e37-475c-a018-874fa3b7ed33', '2025-07-26', 142, 80, true, '2025-08-25'),
('5d4bee0b-8f6f-4d8f-898f-f51398270929', '876cdadb-0459-455c-a07b-c2b2d4c215a3', '2026-01-12', 142, 94, false, '2026-02-11');

-- ─── RISK SCORES (120) ───────────────────────────────────────────────────────────────
INSERT INTO risk_scores (id, patient_id, disease_type, score, risk_level, ai_reason, suggested_action) VALUES
('62348847-7b69-429e-8251-8cebedbedf81', 'f04f1fc2-cd1d-489b-b1b9-523ac7688265', 'hypertension', 85, 'high', 'Patient history indicates high drop-out risk.', 'Immediate CHW home visit'),
('4e3f4c53-f92f-47bf-9dd3-da3c52e77eb9', '1db440d1-44c7-4765-803f-34ee61f18e8f', 'hypertension', 41, 'medium', 'Patient history indicates medium drop-out risk.', 'Phone reminder'),
('3a223670-e2c4-41d4-8e5d-6e35d2c39df3', 'f3ee170c-1326-48d7-aefc-bd056d2ed712', 'hypertension', 42, 'medium', 'Patient history indicates medium drop-out risk.', 'Phone reminder'),
('ba15765c-c8c0-4985-bac9-999b98fb15ab', 'da839ad5-4ef3-47d2-84b9-980c89273c40', 'hypertension', 58, 'medium', 'Patient history indicates medium drop-out risk.', 'Phone reminder'),
('dd6d6d58-4f8c-40d5-aa61-c4596cfb3cb3', 'c5ef5327-e8af-4685-8f68-6cd136ef6ebd', 'hypertension', 48, 'medium', 'Patient history indicates medium drop-out risk.', 'Phone reminder'),
('c73a5eb5-ac78-4b72-b20d-3da465eeb3a4', 'a81e8318-2997-4f41-a9b6-822330326ad0', 'hypertension', 45, 'medium', 'Patient history indicates medium drop-out risk.', 'Phone reminder'),
('9e94cfa3-38cb-4b90-a378-7dd4249b66b0', '2ac18128-6f0a-440c-9f66-130063508b9a', 'hypertension', 88, 'high', 'Patient history indicates high drop-out risk.', 'Immediate CHW home visit'),
('d31a5f47-6ca5-4203-86c2-4e7f71a1e553', 'bae924f4-2892-4c1a-8716-410bdeea5932', 'hypertension', 45, 'medium', 'Patient history indicates medium drop-out risk.', 'Phone reminder'),
('f0f7bb93-e0da-4057-8def-5c71a5412e27', '8c14f13b-3a4a-46eb-8c11-10e06a3b117b', 'hypertension', 93, 'high', 'Patient history indicates high drop-out risk.', 'Immediate CHW home visit'),
('674629e5-fe56-436b-882c-1b6e08c64a81', '85b12897-5644-476a-915e-e6d4bfddaa00', 'hypertension', 36, 'medium', 'Patient history indicates medium drop-out risk.', 'Phone reminder'),
('ae7a8abc-2c28-49d2-a76d-5f13c7cb0987', 'bf3ee84e-8ae2-42c1-a834-e4619ae52c48', 'hypertension', 57, 'medium', 'Patient history indicates medium drop-out risk.', 'Phone reminder'),
('00b5ac96-b74e-4aa6-9bd7-c64406ce68f6', '3d1d0d35-d942-4f18-9555-d22edaf3820c', 'hypertension', 94, 'high', 'Patient history indicates high drop-out risk.', 'Immediate CHW home visit'),
('8da52f90-5823-4202-9d4a-831cb79c3017', 'cb2a6a86-e307-41b8-a90b-b1c4244a210c', 'hypertension', 67, 'high', 'Patient history indicates high drop-out risk.', 'Immediate CHW home visit'),
('45c7a650-f97d-4248-8070-21f191adf9ab', 'a01886af-bce5-471b-94a2-646358f53180', 'hypertension', 74, 'high', 'Patient history indicates high drop-out risk.', 'Immediate CHW home visit'),
('f5275b08-3e83-4ec2-abf7-a66e7ac44771', 'e70f4b18-5578-4988-bcc3-4201a91d4055', 'hypertension', 74, 'high', 'Patient history indicates high drop-out risk.', 'Immediate CHW home visit'),
('06d00982-e6a6-40a0-b465-031879d131a4', '1b25a18f-0731-4d3b-99cd-25fb19b8a1f8', 'hypertension', 54, 'medium', 'Patient history indicates medium drop-out risk.', 'Phone reminder'),
('9987026a-9aab-410e-95c8-abc145f4a89e', '02c15c4f-5744-4b50-9466-f5cbc4952d19', 'hypertension', 86, 'high', 'Patient history indicates high drop-out risk.', 'Immediate CHW home visit'),
('6b997d72-922e-4134-a352-9a7cf284d438', '7fd93c96-f5df-44fd-8c28-d5ff810ead37', 'hypertension', 68, 'high', 'Patient history indicates high drop-out risk.', 'Immediate CHW home visit'),
('f915641d-cc8d-4135-b4ff-f2b97217be67', 'b8ed0741-05ce-4b0c-a71e-74ec21dc3666', 'hypertension', 28, 'low', 'Patient history indicates low drop-out risk.', 'Continue routine follow-up'),
('3176779d-52bb-4012-88d2-0a7f5d9eb69a', 'ff3bc740-6fd9-47c9-a211-2898efccaa03', 'hypertension', 47, 'medium', 'Patient history indicates medium drop-out risk.', 'Phone reminder'),
('0eda2a52-cb81-4734-a382-63eb06dc6d5a', '2f615934-0c1c-4245-93f2-e65a95a6100b', 'hypertension', 25, 'low', 'Patient history indicates low drop-out risk.', 'Continue routine follow-up'),
('bbb1fdb4-c444-47d8-8593-43a372074f86', '95952c5e-5b28-4663-bd92-7fffe9d34b4f', 'hypertension', 70, 'high', 'Patient history indicates high drop-out risk.', 'Immediate CHW home visit'),
('9d4be1f8-7769-4ba6-8bdc-935bf0f4a3f8', 'f9ee597b-87b3-4503-acb2-c0fdb9fe97f1', 'hypertension', 55, 'medium', 'Patient history indicates medium drop-out risk.', 'Phone reminder'),
('25c2695c-699e-44d8-8f8c-aab3cfaf79a0', '4f0c181a-1488-476f-ac84-38620a91c872', 'hypertension', 92, 'high', 'Patient history indicates high drop-out risk.', 'Immediate CHW home visit'),
('193398e3-0826-441f-84b6-655a54826f0b', '5684fc1e-8535-480e-b95d-89353bfd0bf4', 'hypertension', 10, 'low', 'Patient history indicates low drop-out risk.', 'Continue routine follow-up'),
('7fef18fb-a777-4f4c-8b23-6d6772c37a41', 'da4634ef-b9c1-4070-a9f7-9936ebc37400', 'hypertension', 45, 'medium', 'Patient history indicates medium drop-out risk.', 'Phone reminder'),
('67031d66-3575-4bb3-955e-976b5d4daf93', 'c13b0e41-57a4-44cd-ba34-d6b28e9e8a83', 'hypertension', 65, 'medium', 'Patient history indicates medium drop-out risk.', 'Phone reminder'),
('9694a386-acf1-472b-9a94-e17f4935071d', '53dd9955-d442-40e3-b4ff-c4d27fda50bd', 'hypertension', 58, 'medium', 'Patient history indicates medium drop-out risk.', 'Phone reminder'),
('39b8a472-76be-4fc5-90be-30b14e433710', '10ca9a52-e713-4de5-9218-c7d30cf8a89e', 'hypertension', 82, 'high', 'Patient history indicates high drop-out risk.', 'Immediate CHW home visit'),
('dfbc2a33-9176-4c78-8e5f-5308a4b52175', 'a6c7e986-feb3-4deb-a757-277e2c178c39', 'hypertension', 94, 'high', 'Patient history indicates high drop-out risk.', 'Immediate CHW home visit'),
('cf5a94e9-ec3a-4e07-b124-dfae72f1bb75', '843900ba-003d-4d80-9161-536a52bd1909', 'hypertension', 74, 'high', 'Patient history indicates high drop-out risk.', 'Immediate CHW home visit'),
('c5acf8b7-812e-4252-8c6e-1677d8dae48c', '86589df0-065e-4895-bb7d-77f9062fe89c', 'hypertension', 74, 'high', 'Patient history indicates high drop-out risk.', 'Immediate CHW home visit'),
('0195ac89-18dc-404d-ab0a-250d520981df', '8811dd03-b133-4d59-be4d-e1548870fcb3', 'hypertension', 76, 'high', 'Patient history indicates high drop-out risk.', 'Immediate CHW home visit'),
('989fdf91-2338-44cf-b89d-731e3f03a770', '49a3242b-5209-4f89-ad72-be5fe2f7e136', 'hypertension', 29, 'low', 'Patient history indicates low drop-out risk.', 'Continue routine follow-up'),
('a0cb7481-132d-4df6-889e-62412288816f', '06ec1f49-0f2c-4a0d-8299-6799d1f0a1a5', 'hypertension', 74, 'high', 'Patient history indicates high drop-out risk.', 'Immediate CHW home visit'),
('6c8f285e-e214-47b3-a1ab-1ba0988b3132', '6331b9b3-8969-49b2-a032-482074d8072b', 'hypertension', 53, 'medium', 'Patient history indicates medium drop-out risk.', 'Phone reminder'),
('3d9c5e99-c10e-4b98-ae8f-7c7fe21b3ac7', '1f6e59c1-47cc-4ec3-ace6-df321f9fec1e', 'hypertension', 64, 'medium', 'Patient history indicates medium drop-out risk.', 'Phone reminder'),
('c7ce4ea3-d3d9-4e0e-8205-7bd467642a79', '55183e70-85f0-4ea5-81c1-95803da68d55', 'hypertension', 44, 'medium', 'Patient history indicates medium drop-out risk.', 'Phone reminder'),
('d42d27d6-d47d-41f2-be4e-38895e48c11d', 'accd144c-e290-4ed1-a9ff-b4bd93adae4e', 'hypertension', 36, 'medium', 'Patient history indicates medium drop-out risk.', 'Phone reminder'),
('c3ab97b5-bd17-47d7-9cec-c889b4b94b36', 'ba131205-9612-4af5-8504-f48409c7a07a', 'hypertension', 54, 'medium', 'Patient history indicates medium drop-out risk.', 'Phone reminder'),
('cea37bfa-3ce3-4c3f-8f52-e66a4caf50c3', '6558d8dc-5162-47a1-af8a-4df3295ebe5a', 'hypertension', 54, 'medium', 'Patient history indicates medium drop-out risk.', 'Phone reminder'),
('362f4261-cb8c-49a5-8085-8c826277f2f0', 'cfc6e237-e8da-4bef-8bf7-574849920f18', 'hypertension', 53, 'medium', 'Patient history indicates medium drop-out risk.', 'Phone reminder'),
('0c0e9d9e-75aa-4dde-98b5-bc660f9bbd29', '22639bfc-265f-4d40-9e20-66c95858da71', 'hypertension', 76, 'high', 'Patient history indicates high drop-out risk.', 'Immediate CHW home visit'),
('dcb89ce5-e6b0-421d-93e1-9e6a638db78c', '4d0a1f41-5143-41d2-b8b8-7993a6feb897', 'hypertension', 88, 'high', 'Patient history indicates high drop-out risk.', 'Immediate CHW home visit'),
('446ea5af-7658-4b82-bd54-e1d26aa5f1ea', '26f21b6a-ef6d-4027-bba3-185c5d50d618', 'hypertension', 82, 'high', 'Patient history indicates high drop-out risk.', 'Immediate CHW home visit'),
('5d6ba14a-87ea-46bf-ac88-61fabb31517b', 'eedf29f8-a0cc-48af-97a9-a4fefd61094f', 'hypertension', 82, 'high', 'Patient history indicates high drop-out risk.', 'Immediate CHW home visit'),
('85f1bd84-0ff3-4290-950b-a383ae9f4f4b', 'c9d96295-2dd8-4652-955d-15564a1e991a', 'hypertension', 84, 'high', 'Patient history indicates high drop-out risk.', 'Immediate CHW home visit'),
('d20077f1-253f-4486-bffb-b7eaf18c4963', '269cd890-c044-4dae-a467-da7876439f60', 'hypertension', 43, 'medium', 'Patient history indicates medium drop-out risk.', 'Phone reminder'),
('d70ad71e-3c9d-44fe-9eb8-81d849e04779', '697f9e3d-0555-4131-9f9d-1c01accc2da8', 'hypertension', 83, 'high', 'Patient history indicates high drop-out risk.', 'Immediate CHW home visit'),
('3f617a35-9c16-4168-89e7-7ad324bd0e76', 'ad480718-7d5e-4cdf-8550-f0f7cd9cd5ce', 'hypertension', 21, 'low', 'Patient history indicates low drop-out risk.', 'Continue routine follow-up'),
('4e78d8f9-aea9-4e32-94ad-e9b646bdadaa', '68ceb7df-0e85-4c30-b3e1-253d5a6e53f2', 'hypertension', 94, 'high', 'Patient history indicates high drop-out risk.', 'Immediate CHW home visit'),
('fab2cd72-7906-4d43-8cac-7f641b32a57e', 'a120d483-da56-4f4c-90c4-b71a27ac26a7', 'hypertension', 59, 'medium', 'Patient history indicates medium drop-out risk.', 'Phone reminder'),
('8f1cd722-2b01-4a0d-8734-e742b500ac8a', '7aa6c404-3277-4337-8fdb-ca5db814ce2a', 'hypertension', 24, 'low', 'Patient history indicates low drop-out risk.', 'Continue routine follow-up'),
('94e30592-911a-4a57-91bd-04408000ef35', 'a7846e2e-ce99-4750-a9f9-9c3ab9875210', 'hypertension', 91, 'high', 'Patient history indicates high drop-out risk.', 'Immediate CHW home visit'),
('d4937293-4c3a-45b9-b838-057d0156ae2b', 'ec64110a-967b-4850-af62-8bd00a76422e', 'hypertension', 93, 'high', 'Patient history indicates high drop-out risk.', 'Immediate CHW home visit'),
('ae156480-2e23-4d07-97af-fef13b959dde', '0751223c-0bb0-45d8-b7f5-70209d1217c6', 'hypertension', 26, 'low', 'Patient history indicates low drop-out risk.', 'Continue routine follow-up'),
('b05cccaf-4058-4dc5-98d2-ad5112195bc1', 'cfa2aac9-fd51-447b-8970-4590cf93adc8', 'hypertension', 90, 'high', 'Patient history indicates high drop-out risk.', 'Immediate CHW home visit'),
('c857e952-c6f8-4dd2-a18b-4353555b3117', '6fe6f226-3189-4cd7-8203-8d80b7a49b97', 'hypertension', 42, 'medium', 'Patient history indicates medium drop-out risk.', 'Phone reminder'),
('b74c177b-e522-4809-a7f8-458f8553724b', 'daa29d3b-bc5c-4587-9513-6ed298573b6a', 'hypertension', 90, 'high', 'Patient history indicates high drop-out risk.', 'Immediate CHW home visit'),
('92582b06-f550-4c4f-b948-34a183f1ede4', '629b6b4b-e7ff-4cef-8bf9-ea6371ae12b3', 'hypertension', 53, 'medium', 'Patient history indicates medium drop-out risk.', 'Phone reminder'),
('e01d5e6c-81f7-4c5d-beea-ce911f38fd53', '26a36fa8-a630-409a-95d5-9aad40faab2c', 'hypertension', 67, 'high', 'Patient history indicates high drop-out risk.', 'Immediate CHW home visit'),
('2fed873d-c94b-4499-a3eb-43f60166a43f', '6c9e6f40-2dff-4f94-8e1a-0f0b2117db44', 'hypertension', 82, 'high', 'Patient history indicates high drop-out risk.', 'Immediate CHW home visit'),
('40903274-d8a6-4444-801a-bd56ee54ddaf', 'fe983abf-0d81-40fb-85d8-62f1765f8fd8', 'hypertension', 43, 'medium', 'Patient history indicates medium drop-out risk.', 'Phone reminder'),
('033fd869-a1b5-4ada-96c9-53466837a73e', '9cd10ccf-d849-4d27-9243-9868329f9ea7', 'hypertension', 41, 'medium', 'Patient history indicates medium drop-out risk.', 'Phone reminder'),
('c961fe27-2eec-4f2a-adf5-722bba92ae92', '3f4d4d85-79db-4b2b-a47e-6f0f52db7fb4', 'hypertension', 78, 'high', 'Patient history indicates high drop-out risk.', 'Immediate CHW home visit'),
('a2cb1108-274f-4a74-aea9-070b94102e31', '28b8a01c-37e6-4d18-bbd8-f9e0635c8a5a', 'hypertension', 40, 'medium', 'Patient history indicates medium drop-out risk.', 'Phone reminder'),
('cf35a825-5103-4d2d-a471-47683401a391', 'e7a40c63-1c68-4d4c-9b98-486cb5c26f2a', 'hypertension', 93, 'high', 'Patient history indicates high drop-out risk.', 'Immediate CHW home visit'),
('f7e03814-2298-417c-b531-bed17914890d', '691c2d52-5005-4c24-87f7-41ebcab825e1', 'hypertension', 15, 'low', 'Patient history indicates low drop-out risk.', 'Continue routine follow-up'),
('5fc8ffc3-60c6-407b-8df4-72d97cbec4ee', '96bac565-51dc-4b03-9949-bd77884644a9', 'hypertension', 62, 'medium', 'Patient history indicates medium drop-out risk.', 'Phone reminder'),
('cbbf6c75-27cf-45d8-bf47-fdfafeecd66a', 'f1012e9d-d164-496a-91a2-818dc30a06d3', 'hypertension', 61, 'medium', 'Patient history indicates medium drop-out risk.', 'Phone reminder'),
('c91960da-3244-4b6a-958d-58127128003b', 'ceb2a9f3-19d4-44f9-a58b-70fbcc23b990', 'hypertension', 85, 'high', 'Patient history indicates high drop-out risk.', 'Immediate CHW home visit'),
('6444962f-4cbd-4ea2-a8f3-9769c804a3b6', '7e56d7e2-9118-438d-94dc-f228c7daa91b', 'hypertension', 10, 'low', 'Patient history indicates low drop-out risk.', 'Continue routine follow-up'),
('8a25ebae-fd40-4120-97e9-ad0a5777536d', '557be4d6-df93-44c8-8827-b563f00f19c5', 'hypertension', 44, 'medium', 'Patient history indicates medium drop-out risk.', 'Phone reminder'),
('b020cca1-3fa4-4659-a5fb-e1e801295fb4', '9a3941be-d1f6-42d2-9aac-71c6fb5131b5', 'hypertension', 38, 'medium', 'Patient history indicates medium drop-out risk.', 'Phone reminder'),
('1bb26473-1d7b-4096-a4de-c05f4a6a6325', '876cdadb-0459-455c-a07b-c2b2d4c215a3', 'hypertension', 67, 'high', 'Patient history indicates high drop-out risk.', 'Immediate CHW home visit'),
('3ecb39c4-a27d-4a23-a747-363a0172f0d2', '74db79a1-994b-47db-8fc2-4209de34f0c6', 'hypertension', 72, 'high', 'Patient history indicates high drop-out risk.', 'Immediate CHW home visit'),
('e09e9417-24e2-4e00-9fd4-6755c7fba7c9', 'f896948c-82d8-4bb5-91ad-585028010354', 'hypertension', 59, 'medium', 'Patient history indicates medium drop-out risk.', 'Phone reminder'),
('c96a2f71-8c15-4af1-9b93-abc4bcac7402', '8f549e11-dd3d-48fd-bdb9-d5dcde8653b6', 'hypertension', 65, 'medium', 'Patient history indicates medium drop-out risk.', 'Phone reminder'),
('0e3fb325-b350-47f9-a914-8f204e668205', 'ac00a3f2-2f92-4767-be73-4a12e582b181', 'hypertension', 94, 'high', 'Patient history indicates high drop-out risk.', 'Immediate CHW home visit'),
('9c87261e-d19b-4b58-9c11-3a99a9b1a9b0', 'b2d58a72-de9a-4c49-a0ec-6632255c36d1', 'hypertension', 92, 'high', 'Patient history indicates high drop-out risk.', 'Immediate CHW home visit'),
('052ed469-084e-48fd-97de-b255624b29df', '55418b05-0f9f-4a28-853e-e3866640bb43', 'hypertension', 28, 'low', 'Patient history indicates low drop-out risk.', 'Continue routine follow-up'),
('b63a94e1-4a78-4c7b-a3d7-a88ba1896a00', '8222a4e7-a163-40b7-88b7-afd5d5c30be4', 'hypertension', 75, 'high', 'Patient history indicates high drop-out risk.', 'Immediate CHW home visit'),
('9f61073b-bb7f-401b-b3d1-f9b204484e2d', '3bb638ee-787a-400d-a8b7-84809c8b2a04', 'hypertension', 88, 'high', 'Patient history indicates high drop-out risk.', 'Immediate CHW home visit'),
('283533c9-91df-48da-9258-f630b31fe103', '749fdfe1-2e37-475c-a018-874fa3b7ed33', 'hypertension', 28, 'low', 'Patient history indicates low drop-out risk.', 'Continue routine follow-up'),
('4f4eeef5-51b9-4920-a0ed-c5cc822353e0', 'b6e5db75-a97a-46ba-9401-0961c093e643', 'hypertension', 55, 'medium', 'Patient history indicates medium drop-out risk.', 'Phone reminder'),
('c59b16df-2b6a-42ea-a693-0d60f4cce0b5', '1d672943-324f-4a14-8b2e-e26ba6765640', 'hypertension', 14, 'low', 'Patient history indicates low drop-out risk.', 'Continue routine follow-up'),
('3557541d-6d12-48d4-9771-b8c8f04b863f', 'a8f6b1b1-aa7a-4b50-a228-77df9aea52af', 'hypertension', 59, 'medium', 'Patient history indicates medium drop-out risk.', 'Phone reminder'),
('974282ab-44b5-4ecc-8b1c-be1407f0df5a', '6d4ddaba-f774-4467-a0f2-b3153cc2a7dc', 'hypertension', 70, 'high', 'Patient history indicates high drop-out risk.', 'Immediate CHW home visit'),
('53782f9b-553a-4197-a1c5-2c57bb5bd497', 'e3489d5d-051b-4402-95c6-5f71e6601cbb', 'hypertension', 39, 'medium', 'Patient history indicates medium drop-out risk.', 'Phone reminder'),
('8a996f84-9f62-40ea-9d14-0f27b6da1aa9', '3995cde3-07b9-4c7c-9e86-b0c7d21aa889', 'hypertension', 20, 'low', 'Patient history indicates low drop-out risk.', 'Continue routine follow-up'),
('7209a302-ee7b-4bca-b866-42edfaa0d541', '38457804-1a9a-4102-a493-403103acf8a2', 'hypertension', 32, 'low', 'Patient history indicates low drop-out risk.', 'Continue routine follow-up'),
('9d4c6aad-da07-424c-aa3a-8c2689deac25', 'dda72d23-97d1-47f9-a40a-d43fb2c333bd', 'hypertension', 43, 'medium', 'Patient history indicates medium drop-out risk.', 'Phone reminder'),
('a20cda32-5fe8-498e-8961-073979bc685c', '0aa5e257-ea07-45ac-ba75-ea048a9f60e0', 'hypertension', 17, 'low', 'Patient history indicates low drop-out risk.', 'Continue routine follow-up'),
('cbe19631-04de-43dc-8584-bbeab9e30bdc', 'f3f377c2-49a3-43cc-bc84-efb553f44766', 'hypertension', 83, 'high', 'Patient history indicates high drop-out risk.', 'Immediate CHW home visit'),
('6bc49de4-3152-470a-8431-f3db9e72beba', '98df601e-401c-4ff0-baf4-da3237a1a44a', 'hypertension', 70, 'high', 'Patient history indicates high drop-out risk.', 'Immediate CHW home visit'),
('65b3cabe-d2e1-4a89-b5f8-9f7a2a39a471', 'c51a362d-8525-4ae9-8a90-3163444e0e8d', 'hypertension', 43, 'medium', 'Patient history indicates medium drop-out risk.', 'Phone reminder'),
('dac25d9b-bb33-4fe3-9107-153d614941a1', 'f3c65feb-4fd0-4dd4-879c-d4501e5ce261', 'hypertension', 26, 'low', 'Patient history indicates low drop-out risk.', 'Continue routine follow-up'),
('cdb0ef35-5a49-45c2-8d96-bca849399c4b', '80814028-06d3-4615-848a-1be0fd90ceee', 'hypertension', 71, 'high', 'Patient history indicates high drop-out risk.', 'Immediate CHW home visit'),
('810685c7-760d-4fc4-84cc-8e50e81e0ce2', 'afb6a857-ec10-4e93-96c6-8ea0b027ad8c', 'hypertension', 64, 'medium', 'Patient history indicates medium drop-out risk.', 'Phone reminder'),
('c2418f71-9240-4fc3-b006-082ab2d99607', '2f63e6fd-74e3-4857-87a3-1be097351aeb', 'hypertension', 59, 'medium', 'Patient history indicates medium drop-out risk.', 'Phone reminder'),
('8e7c03d4-8412-4de7-9f7c-6f4c62b3b766', '3abaacdd-25b7-4335-a7ab-077c9034bf0e', 'hypertension', 74, 'high', 'Patient history indicates high drop-out risk.', 'Immediate CHW home visit'),
('75973009-dd64-4654-b423-982698707b78', '4cfebff4-0ef6-4a1f-8233-ab97844e04ca', 'hypertension', 26, 'low', 'Patient history indicates low drop-out risk.', 'Continue routine follow-up'),
('358732d4-e7c5-43ea-abaf-e3ad454645aa', 'e057fa00-632f-4155-9c6f-ba89f567305f', 'hypertension', 55, 'medium', 'Patient history indicates medium drop-out risk.', 'Phone reminder'),
('d9491d4c-afb0-42ec-8eee-1a08e4dd8b40', 'fdc94d95-62ac-40c9-ac70-68b13f9013ae', 'hypertension', 94, 'high', 'Patient history indicates high drop-out risk.', 'Immediate CHW home visit'),
('ff88a22c-462e-486b-b0f4-151b8777d57c', 'c624f585-cd56-4395-8861-68d2bf270d64', 'hypertension', 31, 'low', 'Patient history indicates low drop-out risk.', 'Continue routine follow-up'),
('f38dc8d7-4803-4e09-8353-f2be4194e219', '5a99bd42-62c0-4810-846c-612f30dc8161', 'hypertension', 51, 'medium', 'Patient history indicates medium drop-out risk.', 'Phone reminder'),
('71f7179a-07a2-4d5a-b0ee-ad135484de39', '3225e8e1-2a27-4abb-9b95-f443de65b630', 'hypertension', 16, 'low', 'Patient history indicates low drop-out risk.', 'Continue routine follow-up'),
('1da1b9b3-5f5d-4c83-9c03-85c6abdacbd5', '24ab24fc-6de2-4730-b36d-4dcbfb43a5d1', 'hypertension', 46, 'medium', 'Patient history indicates medium drop-out risk.', 'Phone reminder'),
('ad3b6167-69f1-4062-b3ba-33ca423d160b', '0c53ac05-1bb3-496b-916e-a63ae2039c4e', 'hypertension', 38, 'medium', 'Patient history indicates medium drop-out risk.', 'Phone reminder'),
('cfd26661-94a5-4aeb-9968-8de8fbbaf0d2', '8f2c5313-f54c-4568-b61a-fbc218a51ea5', 'hypertension', 36, 'medium', 'Patient history indicates medium drop-out risk.', 'Phone reminder'),
('9b93189c-f619-412b-800b-04430a7c290e', 'e1f4316a-06de-4042-85d5-f95b32eab5cc', 'hypertension', 24, 'low', 'Patient history indicates low drop-out risk.', 'Continue routine follow-up'),
('9cfbd565-6c19-4418-b986-37c0b069b56c', '004c20d3-54f5-42cf-b262-927ea1be7cb3', 'hypertension', 17, 'low', 'Patient history indicates low drop-out risk.', 'Continue routine follow-up'),
('e9fd5b74-da66-46a2-b6b6-4809a089a318', '6e6818f2-9d99-45d7-bfb3-29f4a6ec1746', 'hypertension', 48, 'medium', 'Patient history indicates medium drop-out risk.', 'Phone reminder'),
('412f61e2-3fc4-4cf0-8987-47fc25f77926', 'cae1deaa-06c6-408e-b08c-d4d4e7b1a205', 'hypertension', 32, 'low', 'Patient history indicates low drop-out risk.', 'Continue routine follow-up'),
('70ba53fe-e506-4a94-a013-a131ee4384f9', 'fbc5b629-fd37-49e4-a648-d83b170d8363', 'hypertension', 91, 'high', 'Patient history indicates high drop-out risk.', 'Immediate CHW home visit'),
('21f5953b-8f38-4898-81d2-e2c894627ab9', '56b43ebc-3d75-43f9-b185-88c19e7a2a44', 'hypertension', 51, 'medium', 'Patient history indicates medium drop-out risk.', 'Phone reminder'),
('b76f024b-7e0e-4b64-907c-9b6b9de25e74', '976349ff-47bd-4cc1-b3bd-2dda51d70187', 'hypertension', 65, 'medium', 'Patient history indicates medium drop-out risk.', 'Phone reminder'),
('6af997c2-16ef-4312-80f3-975d36eef853', '96d0f314-8097-4492-9aa1-2f8d633293dd', 'hypertension', 68, 'high', 'Patient history indicates high drop-out risk.', 'Immediate CHW home visit'),
('1f66172f-db6d-47d9-b89a-adfaab805f5d', 'f3312539-103d-4b96-b56c-b4692338f671', 'hypertension', 39, 'medium', 'Patient history indicates medium drop-out risk.', 'Phone reminder'),
('102bc5e0-4b18-4805-88ac-568143be8e0f', '5977973f-d6eb-4e88-a55b-040d75250be9', 'hypertension', 77, 'high', 'Patient history indicates high drop-out risk.', 'Immediate CHW home visit');

-- ─── REFERRALS (40) ──────────────────────────────────────────────────────────────────
INSERT INTO referrals (id, patient_id, created_date, urgency, status) VALUES
('1132dd0c-f537-4d35-bb45-be5eb1865cf1', '0c53ac05-1bb3-496b-916e-a63ae2039c4e', '2026-06-20', 'emergency', 'pending'),
('4728f447-39ca-4716-8218-f8974da7a6fc', '629b6b4b-e7ff-4cef-8bf9-ea6371ae12b3', '2026-05-17', 'routine', 'completed'),
('5d943b80-8704-440f-9d28-d40708ae94fe', '80814028-06d3-4615-848a-1be0fd90ceee', '2026-04-15', 'routine', 'no_show'),
('29a94403-e9f4-4ce2-a4e2-411fe7189d51', 'e1f4316a-06de-4042-85d5-f95b32eab5cc', '2026-02-25', 'routine', 'completed'),
('213b0182-0ee8-4370-95b8-c46d6b7ad489', 'a8f6b1b1-aa7a-4b50-a228-77df9aea52af', '2025-12-15', 'routine', 'pending'),
('494c811d-80e2-42dc-9846-e8c4d0c3500f', 'a8f6b1b1-aa7a-4b50-a228-77df9aea52af', '2025-08-15', 'urgent', 'no_show'),
('034ecc41-326e-4638-8686-f3a1d0706bf9', 'c624f585-cd56-4395-8861-68d2bf270d64', '2025-11-07', 'urgent', 'completed'),
('0d2a55d3-a35b-43b2-8227-b142750145dd', 'c9d96295-2dd8-4652-955d-15564a1e991a', '2026-03-29', 'emergency', 'completed'),
('01ec68b4-e2df-4ea1-a22d-fde991aa3a03', '74db79a1-994b-47db-8fc2-4209de34f0c6', '2026-02-04', 'urgent', 'no_show'),
('06288a67-ffec-430b-8477-b6567acabe50', 'cae1deaa-06c6-408e-b08c-d4d4e7b1a205', '2026-01-20', 'urgent', 'completed'),
('002916c5-a5a7-4e19-8bcd-55ed7ab5b6d1', '24ab24fc-6de2-4730-b36d-4dcbfb43a5d1', '2025-08-15', 'emergency', 'completed'),
('eae3e543-c21d-4a44-ace4-d18bd42ad279', 'f04f1fc2-cd1d-489b-b1b9-523ac7688265', '2026-04-22', 'routine', 'no_show'),
('01d5c7b0-5cc4-45ee-8ffd-06f31658f38c', 'c9d96295-2dd8-4652-955d-15564a1e991a', '2025-09-04', 'urgent', 'pending'),
('9505fd67-370a-4a09-96c0-a53e6a730f00', '3f4d4d85-79db-4b2b-a47e-6f0f52db7fb4', '2026-06-09', 'routine', 'completed'),
('5e7a8174-5129-42ad-814e-957fe256e182', 'ba131205-9612-4af5-8504-f48409c7a07a', '2025-11-13', 'emergency', 'pending'),
('b88f35c2-a991-447d-b312-17daa5eb72be', '004c20d3-54f5-42cf-b262-927ea1be7cb3', '2025-12-25', 'urgent', 'no_show'),
('f5bffa53-9770-4cb1-a384-7eacd717a7b2', 'cb2a6a86-e307-41b8-a90b-b1c4244a210c', '2026-01-28', 'routine', 'completed'),
('b7429d9c-5dd0-4307-94c9-8576a585fa82', '0aa5e257-ea07-45ac-ba75-ea048a9f60e0', '2026-04-19', 'urgent', 'pending'),
('5c540079-1cf2-46d2-8727-b6dfd0eb5b5a', '3abaacdd-25b7-4335-a7ab-077c9034bf0e', '2026-06-08', 'emergency', 'completed'),
('632401a7-ff00-43e3-84cc-fd545db1436f', '629b6b4b-e7ff-4cef-8bf9-ea6371ae12b3', '2025-10-01', 'emergency', 'pending'),
('d2258aec-f1bf-4a3c-a99d-5b91d244286b', '976349ff-47bd-4cc1-b3bd-2dda51d70187', '2026-03-02', 'urgent', 'completed'),
('cff48825-ba05-4307-973b-003f4dc4adc4', 'accd144c-e290-4ed1-a9ff-b4bd93adae4e', '2026-04-16', 'urgent', 'no_show'),
('ac28a098-953a-4ff1-a9c9-f2869740c514', '2f615934-0c1c-4245-93f2-e65a95a6100b', '2025-07-26', 'urgent', 'pending'),
('76c40193-793a-4de4-a44a-598fb9ed23c1', '691c2d52-5005-4c24-87f7-41ebcab825e1', '2025-07-25', 'urgent', 'completed'),
('56b1e4d8-fd7f-4d4a-ad1e-7178776ec64a', 'a120d483-da56-4f4c-90c4-b71a27ac26a7', '2026-02-18', 'urgent', 'completed'),
('5fa9fb33-039d-4ec5-9dd9-24299e611187', '55183e70-85f0-4ea5-81c1-95803da68d55', '2025-12-12', 'emergency', 'pending'),
('31ee0534-be8b-43b4-8317-bcaf8da43320', 'ad480718-7d5e-4cdf-8550-f0f7cd9cd5ce', '2025-08-14', 'routine', 'completed'),
('9c4d92d4-7f76-4358-9764-f596055c5d77', '5a99bd42-62c0-4810-846c-612f30dc8161', '2025-07-25', 'emergency', 'completed'),
('65779e2c-c78a-4a21-a56c-d39148f5f337', '1f6e59c1-47cc-4ec3-ace6-df321f9fec1e', '2025-10-14', 'urgent', 'pending'),
('2a73c317-f25a-4a03-9a69-cbddd45c647f', 'fbc5b629-fd37-49e4-a648-d83b170d8363', '2025-07-29', 'routine', 'pending'),
('8deedbf9-6e55-4431-8924-8d27108a6de3', '269cd890-c044-4dae-a467-da7876439f60', '2025-09-29', 'urgent', 'no_show'),
('aa4bb958-d794-4561-b329-1e12645e8cab', '9a3941be-d1f6-42d2-9aac-71c6fb5131b5', '2025-07-24', 'routine', 'pending'),
('3840ab3c-57b8-4746-92d2-9a3916af974d', 'c624f585-cd56-4395-8861-68d2bf270d64', '2026-04-12', 'emergency', 'pending'),
('6d1973cb-494a-49cd-a02a-0717d2d00271', '004c20d3-54f5-42cf-b262-927ea1be7cb3', '2025-12-01', 'emergency', 'completed'),
('63ea1378-363e-4ff6-b3ed-a8ad9c2c869c', 'cfc6e237-e8da-4bef-8bf7-574849920f18', '2026-06-17', 'urgent', 'completed'),
('3792a64d-2303-49f0-9b30-3d4471ab299a', '0aa5e257-ea07-45ac-ba75-ea048a9f60e0', '2026-01-13', 'emergency', 'completed'),
('d0d330db-6211-405e-93d8-eac4c8a746dc', '2f615934-0c1c-4245-93f2-e65a95a6100b', '2026-02-12', 'emergency', 'pending'),
('6916adba-4362-494f-b977-b4be6d2414bc', 'cfa2aac9-fd51-447b-8970-4590cf93adc8', '2025-10-04', 'urgent', 'no_show'),
('f9c7a7c8-98a9-46dd-903c-713e57fc0895', 'cfa2aac9-fd51-447b-8970-4590cf93adc8', '2026-05-08', 'routine', 'completed'),
('aa39516f-27af-4d66-9f22-638a4ae547f3', '976349ff-47bd-4cc1-b3bd-2dda51d70187', '2026-05-28', 'urgent', 'completed');

