-- =====================================================================================
-- SETU PLATFORM — PHASE 4: REALISTIC DEMO DATA (Mysuru District)
-- =====================================================================================

-- ─── VILLAGES (10) ───────────────────────────────────────────────────────────────────
INSERT INTO villages (id, name, district, distance_from_phc_km) VALUES
('410bd1fb-e78a-4ad1-8ffc-6687d342f359', 'Rampur', 'Mysuru', 18),
('c3dd6582-cd2e-48e9-a643-02ac140a525d', 'Devipur', 'Mysuru', 3),
('d8d4c88c-1e52-417e-a930-e7490bbf2352', 'Hosahalli', 'Mysuru', 7),
('b91428bb-a366-4c5d-abb0-34f69010ca93', 'Kallur', 'Mysuru', 15),
('ece0574a-8d53-4cde-9c2c-d1e151d828f6', 'Shirasi', 'Mysuru', 22),
('a40193f2-9aac-4a92-be78-b1ea01da8e81', 'Malandur', 'Mysuru', 13),
('c9d88f75-1570-4a0a-a792-b9f5507e7721', 'Hassan', 'Mysuru', 6),
('e8b22baf-fc85-46b6-98ea-fda966125f58', 'Tumkur', 'Mysuru', 14),
('d054fe0a-c879-4380-b917-43e434575faf', 'Chikmagalur', 'Mysuru', 6),
('d9806c93-6237-46bb-afa2-78963067e796', 'Somwarpet', 'Mysuru', 3);

-- ─── PATIENTS (120) ──────────────────────────────────────────────────────────────────
INSERT INTO patients (id, full_name, age, gender, phone, village_id, registered_date) VALUES
('aaca349c-c427-4c41-8c5f-295cccba42d1', 'Ramesh Reddy', 56, 'male', '+919635384620', 'a40193f2-9aac-4a92-be78-b1ea01da8e81', '2026-07-04'),
('29468ba0-b34d-4d59-8431-1b82f9bcadce', 'Mahesh Kumar', 75, 'male', '+919798774518', 'd054fe0a-c879-4380-b917-43e434575faf', '2025-11-15'),
('f859f66a-9653-4289-800b-6b61a92c342b', 'Lakshmi Gowda', 44, 'female', '+919408435683', 'd9806c93-6237-46bb-afa2-78963067e796', '2026-06-14'),
('3ad61718-e469-4060-9612-2efbf8ef87f9', 'Manjunath Gowda', 55, 'male', '+919846198201', 'c9d88f75-1570-4a0a-a792-b9f5507e7721', '2026-02-16'),
('5345fc02-cf12-441d-9af4-8a3969ecc342', 'Radha Reddy', 57, 'female', '+919395073771', 'ece0574a-8d53-4cde-9c2c-d1e151d828f6', '2026-06-04'),
('fd77ab31-6145-4009-b824-94b1b578da6e', 'Prakash Nayaka', 78, 'male', '+919169799995', 'd8d4c88c-1e52-417e-a930-e7490bbf2352', '2026-01-12'),
('8f8181c3-0052-4ed5-a37b-b7ead5594615', 'Ramesh Shetty', 37, 'male', '+919252180417', 'a40193f2-9aac-4a92-be78-b1ea01da8e81', '2025-09-27'),
('3960235b-5c9f-49c6-81f5-9652815a1f7c', 'Ganesh Hegde', 64, 'male', '+919376417699', 'c3dd6582-cd2e-48e9-a643-02ac140a525d', '2026-02-02'),
('1b9799ec-41a8-4499-829a-afd228d5691b', 'Lakshmi Patil', 54, 'female', '+919336963785', 'ece0574a-8d53-4cde-9c2c-d1e151d828f6', '2026-05-11'),
('e6876c3f-e988-435c-82a2-e1505d74aaa3', 'Ramesh Bhat', 72, 'male', '+919832788866', 'c3dd6582-cd2e-48e9-a643-02ac140a525d', '2026-05-18'),
('456c754c-7f95-4378-ab6c-35faca2394a6', 'Geetha Kumar', 77, 'female', '+919902062855', '410bd1fb-e78a-4ad1-8ffc-6687d342f359', '2026-01-07'),
('cf3f0139-0cb0-418d-9ecf-bf46f833d9b5', 'Kavya Kumar', 55, 'female', '+919958369336', 'd8d4c88c-1e52-417e-a930-e7490bbf2352', '2025-08-04'),
('1a5f4160-ef9a-42c8-8717-e2617e904b1d', 'Kiran Singh', 57, 'male', '+919603713925', 'd054fe0a-c879-4380-b917-43e434575faf', '2025-12-19'),
('34f07188-8bcc-4f4e-b9db-505ac8d6639d', 'Anitha Shetty', 80, 'female', NULL, 'd054fe0a-c879-4380-b917-43e434575faf', '2026-01-09'),
('79afbc90-f79d-48ff-83ec-34443b926e17', 'Mahesh Bhat', 45, 'male', '+919181382474', 'a40193f2-9aac-4a92-be78-b1ea01da8e81', '2026-01-15'),
('8620e56f-f11f-476b-85c3-50b4346f3c4a', 'Kiran Shetty', 72, 'male', NULL, 'c3dd6582-cd2e-48e9-a643-02ac140a525d', '2026-03-12'),
('89be5aef-6965-46ab-a639-075461b1a8f9', 'Ramesh Bhat', 78, 'male', '+919155903045', 'd9806c93-6237-46bb-afa2-78963067e796', '2026-01-21'),
('952680ea-d9ec-45e9-99a9-6035dd28dcb3', 'Meena Rao', 61, 'female', '+919726516418', 'd054fe0a-c879-4380-b917-43e434575faf', '2025-11-10'),
('cea25cce-daf9-49f9-96e6-3ee1b9a597fc', 'Savitri Reddy', 62, 'female', '+919533088463', 'd054fe0a-c879-4380-b917-43e434575faf', '2025-11-14'),
('e36a8efc-997e-40c7-9d52-d73ba3de0c15', 'Renuka Singh', 68, 'female', '+919674197388', 'e8b22baf-fc85-46b6-98ea-fda966125f58', '2025-09-08'),
('a24eeb16-db10-4607-88ef-0ef7023a25c8', 'Kiran Nayaka', 60, 'male', '+919815531926', '410bd1fb-e78a-4ad1-8ffc-6687d342f359', '2026-03-03'),
('7b7c01c3-4b4b-4432-ad7f-941fd33c7e74', 'Meena Reddy', 47, 'female', '+919480536142', 'd8d4c88c-1e52-417e-a930-e7490bbf2352', '2025-09-14'),
('cc459735-1dbc-4357-bcf5-d7ce46c52b1c', 'Rakshitha Hegde', 61, 'female', '+919595518318', 'b91428bb-a366-4c5d-abb0-34f69010ca93', '2025-11-25'),
('76a5dda1-47f3-4371-87b8-a795ba6ef80b', 'Anand Shetty', 53, 'male', NULL, 'a40193f2-9aac-4a92-be78-b1ea01da8e81', '2026-05-16'),
('d73a8864-81d6-4212-b22a-10252f398249', 'Kumar Kumar', 50, 'male', '+919413094953', 'd9806c93-6237-46bb-afa2-78963067e796', '2025-08-22'),
('45e30c8a-30a2-4aca-8215-aa5a040e9dd3', 'Ramesh Gowda', 39, 'male', '+919703364766', 'ece0574a-8d53-4cde-9c2c-d1e151d828f6', '2025-09-11'),
('db01b2fd-8dad-4479-90fa-e8974b31a971', 'Kiran Nayaka', 78, 'male', NULL, '410bd1fb-e78a-4ad1-8ffc-6687d342f359', '2026-06-03'),
('fae958b2-78ea-45aa-b371-3091a71bc04c', 'Savitri Gowda', 47, 'female', '+919118131641', 'd9806c93-6237-46bb-afa2-78963067e796', '2026-05-02'),
('a30407a4-4ddf-46fc-9947-f15cd3d9b7e0', 'Shivanna Kumar', 65, 'male', '+919233011923', '410bd1fb-e78a-4ad1-8ffc-6687d342f359', '2026-05-28'),
('bb6ddd61-9369-4111-a3e9-e516e27ef906', 'Mahesh Kumar', 37, 'male', '+919395769871', 'd9806c93-6237-46bb-afa2-78963067e796', '2025-08-17'),
('6ce2fa9d-0e26-45d4-9900-81d18ec07ef9', 'Shivanna Nayaka', 72, 'male', '+919600594937', 'ece0574a-8d53-4cde-9c2c-d1e151d828f6', '2026-01-16'),
('0406d372-7e6b-406a-accb-5f16161efcb2', 'Rakshitha Singh', 57, 'female', '+919945609186', 'ece0574a-8d53-4cde-9c2c-d1e151d828f6', '2026-07-01'),
('4183e16a-4772-4efa-9208-f9e41766e186', 'Rakshitha Hegde', 78, 'female', NULL, 'd8d4c88c-1e52-417e-a930-e7490bbf2352', '2026-03-04'),
('ca51b9f9-ba81-4dbe-88b1-4b286b737657', 'Prakash Reddy', 65, 'male', '+919359317614', 'ece0574a-8d53-4cde-9c2c-d1e151d828f6', '2026-04-25'),
('f2b06cbd-1ad7-4c5b-8a92-1160c588b408', 'Mahesh Gowda', 35, 'male', '+919169534745', 'd054fe0a-c879-4380-b917-43e434575faf', '2025-07-24'),
('fe1db5de-0a25-4dad-871a-1de09a0d40fa', 'Ganesh Hegde', 77, 'male', '+919821044225', 'a40193f2-9aac-4a92-be78-b1ea01da8e81', '2026-06-06'),
('0cbc31c1-4785-48f6-b99f-a553aca84510', 'Ganesh Patil', 72, 'male', '+919968186994', 'd054fe0a-c879-4380-b917-43e434575faf', '2025-07-31'),
('48281f96-e736-493e-a00d-ee20207c4bd1', 'Ramesh Patil', 77, 'male', '+919906390852', 'd9806c93-6237-46bb-afa2-78963067e796', '2026-05-09'),
('cefcb606-7b1b-41f6-ba93-9d83a07c80fb', 'Rakshitha Nayaka', 45, 'female', '+919809445716', 'c9d88f75-1570-4a0a-a792-b9f5507e7721', '2025-12-31'),
('53de5306-ddb5-47c0-87d5-44347d210f0d', 'Ramesh Shetty', 40, 'male', '+919200271531', '410bd1fb-e78a-4ad1-8ffc-6687d342f359', '2025-08-05'),
('dce4c731-3da6-4868-afe4-3a8524067720', 'Radha Shetty', 53, 'female', '+919495070537', 'a40193f2-9aac-4a92-be78-b1ea01da8e81', '2026-01-16'),
('cca1bef3-e31f-4cd9-b7b6-ffedeb32089b', 'Savitri Gowda', 49, 'female', '+919961276188', 'c3dd6582-cd2e-48e9-a643-02ac140a525d', '2026-01-12'),
('b3a829d2-33da-4d7f-a804-110693099718', 'Anand Patil', 59, 'male', '+919227643874', 'd9806c93-6237-46bb-afa2-78963067e796', '2026-04-25'),
('a121f5ae-3e04-482d-b25b-5519480c440b', 'Geetha Singh', 44, 'female', NULL, 'e8b22baf-fc85-46b6-98ea-fda966125f58', '2025-09-12'),
('823c1e13-dcb0-41c9-8988-e97dec27b23c', 'Meena Patil', 74, 'female', NULL, 'd8d4c88c-1e52-417e-a930-e7490bbf2352', '2025-08-30'),
('576098cc-6b3a-4eb9-a9f9-1a2eabe83456', 'Lakshmi Singh', 39, 'female', '+919652376700', 'ece0574a-8d53-4cde-9c2c-d1e151d828f6', '2025-09-22'),
('5d0d058f-a5d9-4d69-834a-d2db66fd0458', 'Ramesh Rao', 69, 'male', '+919328035216', 'd054fe0a-c879-4380-b917-43e434575faf', '2026-06-13'),
('d1eed35c-d86d-41d4-b51c-efc8984900c9', 'Geetha Nayaka', 74, 'female', '+919134380688', '410bd1fb-e78a-4ad1-8ffc-6687d342f359', '2025-11-12'),
('94cba1b4-716d-4b17-9f46-74a56b780047', 'Kiran Singh', 37, 'male', '+919966436471', 'd054fe0a-c879-4380-b917-43e434575faf', '2025-08-13'),
('999b2e38-1a88-44f5-9199-6ffe68a5ec04', 'Kiran Hegde', 60, 'male', '+919428686417', 'a40193f2-9aac-4a92-be78-b1ea01da8e81', '2026-02-27'),
('687e7f1d-1ff2-4989-b7df-ed85e8a65c5d', 'Mahesh Reddy', 72, 'male', '+919978080826', '410bd1fb-e78a-4ad1-8ffc-6687d342f359', '2025-11-15'),
('c2378af7-6a5a-4d7b-a44c-ebeecbfc97ca', 'Rakshitha Nayaka', 76, 'female', NULL, 'c3dd6582-cd2e-48e9-a643-02ac140a525d', '2026-02-28'),
('1cf0e824-9a28-4aa5-9be1-ef4d4197cd77', 'Kiran Shetty', 41, 'male', '+919725913854', 'c3dd6582-cd2e-48e9-a643-02ac140a525d', '2025-11-25'),
('8dfc0138-bf6b-4bb0-a9da-29695c685394', 'Rakshitha Kumar', 57, 'female', NULL, 'c9d88f75-1570-4a0a-a792-b9f5507e7721', '2025-09-08'),
('3d2d5421-b9d8-4a23-8089-4cd3e045625f', 'Anitha Kumar', 64, 'female', '+919629149496', 'e8b22baf-fc85-46b6-98ea-fda966125f58', '2026-05-19'),
('8833c0da-e6e4-47dc-91a2-d4e98ac8c8c3', 'Shivanna Gowda', 39, 'male', NULL, 'c3dd6582-cd2e-48e9-a643-02ac140a525d', '2025-08-02'),
('db0fc73b-27e6-47d4-8688-bde909a84067', 'Geetha Gowda', 42, 'female', NULL, 'c3dd6582-cd2e-48e9-a643-02ac140a525d', '2026-01-04'),
('7a349ae3-6e06-4b50-8522-19fb61723593', 'Prakash Nayaka', 61, 'male', '+919445566096', 'd8d4c88c-1e52-417e-a930-e7490bbf2352', '2025-09-26'),
('d86f9c07-98a3-4993-b573-d70ec1b037a5', 'Manjunath Patil', 62, 'male', '+919710971092', 'e8b22baf-fc85-46b6-98ea-fda966125f58', '2026-04-01'),
('83bbb8d4-be16-4f3d-8434-909f68e4c91c', 'Anitha Rao', 78, 'female', '+919574596238', '410bd1fb-e78a-4ad1-8ffc-6687d342f359', '2026-05-02'),
('5759bd98-085a-472c-a3ca-c0b0dcd5e580', 'Anand Bhat', 77, 'male', '+919203105643', '410bd1fb-e78a-4ad1-8ffc-6687d342f359', '2026-05-23'),
('91cb40f2-8945-4e19-aaeb-a0903cc9f10b', 'Kiran Shetty', 49, 'male', NULL, 'd9806c93-6237-46bb-afa2-78963067e796', '2026-01-21'),
('3bfbfa4f-6a94-44f9-8bcb-048beace2cd3', 'Mahesh Nayaka', 57, 'male', '+919344844233', 'c3dd6582-cd2e-48e9-a643-02ac140a525d', '2026-03-12'),
('9a5f0f3f-c09f-4845-a58e-cb8f9acd4466', 'Manjunath Hegde', 66, 'male', '+919842640355', '410bd1fb-e78a-4ad1-8ffc-6687d342f359', '2025-11-10'),
('8d4566cd-d503-49be-859c-838d61d2dcdf', 'Lakshmi Kumar', 38, 'female', '+919377191593', '410bd1fb-e78a-4ad1-8ffc-6687d342f359', '2025-11-16'),
('106bf7ec-a26d-4a4a-a6ae-395b5c0d4b9d', 'Radha Kumar', 64, 'female', NULL, 'c3dd6582-cd2e-48e9-a643-02ac140a525d', '2025-08-19'),
('c9b499d9-20d7-45a2-8a1c-069b9f494647', 'Geetha Gowda', 52, 'female', '+919625439964', 'd8d4c88c-1e52-417e-a930-e7490bbf2352', '2025-10-27'),
('538113de-0a9a-4de7-bfa5-f99ffc8fbe6d', 'Kiran Patil', 39, 'male', '+919457108103', 'd054fe0a-c879-4380-b917-43e434575faf', '2025-09-19'),
('4d04cc4c-377b-400a-98cd-f931079dc58d', 'Anand Hegde', 64, 'male', '+919781844976', 'a40193f2-9aac-4a92-be78-b1ea01da8e81', '2025-08-21'),
('4b1b8e7a-2a64-48a6-b075-2ba96628c620', 'Suresh Kumar', 56, 'male', '+919935855714', 'ece0574a-8d53-4cde-9c2c-d1e151d828f6', '2026-06-13'),
('9a227b10-f136-4a5b-99b0-1888f058dbea', 'Savitri Reddy', 38, 'female', '+919755312473', 'b91428bb-a366-4c5d-abb0-34f69010ca93', '2026-04-11'),
('98b38826-11e6-4b89-8519-8e10527266c3', 'Kiran Kumar', 37, 'male', NULL, 'a40193f2-9aac-4a92-be78-b1ea01da8e81', '2026-07-02'),
('93163e2f-c260-47cc-9156-a9c594aad47b', 'Lakshmi Rao', 52, 'female', NULL, 'd9806c93-6237-46bb-afa2-78963067e796', '2025-11-18'),
('3da69ed6-c36c-4d34-a2c0-7155854ac0be', 'Meena Reddy', 40, 'female', '+919905748182', '410bd1fb-e78a-4ad1-8ffc-6687d342f359', '2025-08-07'),
('91a678ec-72f9-49d3-899c-f323db735818', 'Manjunath Singh', 69, 'male', '+919867861428', 'e8b22baf-fc85-46b6-98ea-fda966125f58', '2026-06-22'),
('ad8bd7ef-1d5f-48a7-abc4-8188e74b5f39', 'Geetha Shetty', 66, 'female', '+919461501812', 'e8b22baf-fc85-46b6-98ea-fda966125f58', '2025-08-25'),
('0c87ac0c-bbe1-4f69-9966-d9267bbe50c2', 'Kiran Patil', 67, 'male', '+919496154332', 'ece0574a-8d53-4cde-9c2c-d1e151d828f6', '2025-10-31'),
('cfcffa2d-acb4-4e32-86e7-4d93f8f46aa6', 'Rakshitha Gowda', 55, 'female', NULL, '410bd1fb-e78a-4ad1-8ffc-6687d342f359', '2025-08-25'),
('262a9991-c566-4cbe-a09b-c472421eadf3', 'Savitri Singh', 77, 'female', '+919493109093', 'd8d4c88c-1e52-417e-a930-e7490bbf2352', '2026-03-15'),
('caf9b3f3-1afc-49c5-a74a-3a247a6c61bd', 'Ramesh Singh', 44, 'male', '+919673942745', 'd8d4c88c-1e52-417e-a930-e7490bbf2352', '2026-05-12'),
('f972bf50-396d-4960-adaa-e06b706be9d1', 'Radha Hegde', 68, 'female', NULL, 'd8d4c88c-1e52-417e-a930-e7490bbf2352', '2025-08-27'),
('d607edd9-1c0e-4263-abe3-9cce33cc0d78', 'Raju Rao', 75, 'male', '+919667451156', 'b91428bb-a366-4c5d-abb0-34f69010ca93', '2026-01-11'),
('09d967ca-e23e-4a90-a06d-addf3b725c7a', 'Kavya Singh', 55, 'female', NULL, 'ece0574a-8d53-4cde-9c2c-d1e151d828f6', '2026-04-26'),
('047c6151-6986-4d85-8709-7ba14a2f0141', 'Prakash Kumar', 40, 'male', '+919580309617', 'a40193f2-9aac-4a92-be78-b1ea01da8e81', '2025-11-17'),
('193abc3d-81b4-4e8e-8db1-2844a245e319', 'Anand Shetty', 50, 'male', '+919819977200', 'a40193f2-9aac-4a92-be78-b1ea01da8e81', '2025-12-03'),
('f59df45e-4d3e-4ca6-a610-f52299e4edd6', 'Kumar Patil', 58, 'male', NULL, 'd054fe0a-c879-4380-b917-43e434575faf', '2025-10-15'),
('0952ed2d-b0a2-4b1a-9e61-8ea1bd611f2d', 'Savitri Nayaka', 60, 'female', NULL, '410bd1fb-e78a-4ad1-8ffc-6687d342f359', '2025-08-19'),
('e55f3031-420b-457b-8ab7-bd7e3e1282f1', 'Ramesh Hegde', 47, 'male', '+919321019357', '410bd1fb-e78a-4ad1-8ffc-6687d342f359', '2025-12-07'),
('2c2c6775-0a18-4322-8673-b4121826ea9f', 'Sita Bhat', 67, 'female', '+919968753001', 'd9806c93-6237-46bb-afa2-78963067e796', '2025-11-24'),
('c8a43e2c-27b6-416b-a532-1f224b7ddbce', 'Geetha Rao', 49, 'female', NULL, 'a40193f2-9aac-4a92-be78-b1ea01da8e81', '2026-03-13'),
('ff49dc6a-407b-4b88-a3f3-57ae245aad9f', 'Anitha Gowda', 39, 'female', '+919540662662', 'ece0574a-8d53-4cde-9c2c-d1e151d828f6', '2025-08-11'),
('12f0c57e-f563-47b7-850b-e52937377a42', 'Sita Singh', 72, 'female', NULL, 'b91428bb-a366-4c5d-abb0-34f69010ca93', '2026-06-05'),
('e51436b9-d0fa-4bd9-964b-7b598fa93371', 'Renuka Singh', 72, 'female', '+919975333362', 'a40193f2-9aac-4a92-be78-b1ea01da8e81', '2026-02-19'),
('3176e2dd-1ec8-431a-b1f1-11a2a82a2792', 'Ramesh Nayaka', 59, 'male', NULL, 'c3dd6582-cd2e-48e9-a643-02ac140a525d', '2026-02-09'),
('394f4380-624e-4c2b-b8c4-62589e277696', 'Radha Nayaka', 46, 'female', NULL, 'e8b22baf-fc85-46b6-98ea-fda966125f58', '2025-09-11'),
('4d7eb4c8-37f3-4d51-98d3-813262a7913b', 'Kiran Bhat', 51, 'male', NULL, 'd054fe0a-c879-4380-b917-43e434575faf', '2025-08-21'),
('c5508e44-892e-4a33-8475-e251af97c7a8', 'Raju Nayaka', 43, 'male', '+919689421556', 'd054fe0a-c879-4380-b917-43e434575faf', '2025-09-05'),
('5964fb3e-7f12-4d6a-b496-3fc9c4d8f7ab', 'Geetha Singh', 55, 'female', '+919277437961', 'a40193f2-9aac-4a92-be78-b1ea01da8e81', '2025-07-29'),
('b3d44723-b6dc-4024-8e78-8ba40541842a', 'Shivanna Rao', 70, 'male', NULL, '410bd1fb-e78a-4ad1-8ffc-6687d342f359', '2025-08-07'),
('5ae68ba2-9f29-4b9a-9293-4676dcde4714', 'Mahesh Shetty', 58, 'male', '+919906993978', 'd8d4c88c-1e52-417e-a930-e7490bbf2352', '2026-06-04'),
('6607713e-2e0d-458c-847b-1fdfbe5e8a6a', 'Raju Gowda', 69, 'male', '+919321852396', 'e8b22baf-fc85-46b6-98ea-fda966125f58', '2025-07-22'),
('04f0e1d1-985b-49f5-8641-4a98b44f356b', 'Anitha Patil', 39, 'female', '+919508698720', 'e8b22baf-fc85-46b6-98ea-fda966125f58', '2026-01-21'),
('5fc553f8-f908-437a-940b-4f47d9e00f77', 'Ganesh Hegde', 61, 'male', '+919340752417', 'c9d88f75-1570-4a0a-a792-b9f5507e7721', '2026-01-07'),
('476f50f4-eca6-4b02-a9d2-3be0cb97239e', 'Kumar Hegde', 64, 'male', NULL, 'e8b22baf-fc85-46b6-98ea-fda966125f58', '2026-02-12'),
('d1087437-703c-45d8-a572-ae8d83caee11', 'Radha Nayaka', 65, 'female', '+919843668718', 'c9d88f75-1570-4a0a-a792-b9f5507e7721', '2026-06-12'),
('063fa0bc-8c26-48b3-a173-0f5d640496ae', 'Rakshitha Hegde', 66, 'female', '+919911670959', 'e8b22baf-fc85-46b6-98ea-fda966125f58', '2025-10-16'),
('4215f6b5-eb96-4040-b481-43cfbd33600f', 'Prakash Reddy', 68, 'male', '+919970300768', 'c3dd6582-cd2e-48e9-a643-02ac140a525d', '2025-12-12'),
('825a6755-fe6b-4f45-864d-360d55563954', 'Savitri Rao', 41, 'female', '+919573607835', '410bd1fb-e78a-4ad1-8ffc-6687d342f359', '2026-06-29'),
('4df19e2c-ecb0-4d23-8eb6-56564cb8d00b', 'Suresh Rao', 42, 'male', NULL, 'e8b22baf-fc85-46b6-98ea-fda966125f58', '2025-10-03'),
('460e2ed8-9d55-43e7-aebc-716b09f1cdfd', 'Sita Patil', 47, 'female', NULL, 'b91428bb-a366-4c5d-abb0-34f69010ca93', '2025-09-29'),
('1233d7f3-65cf-479d-bce0-3a38b424ed24', 'Prakash Shetty', 58, 'male', '+919707287305', 'b91428bb-a366-4c5d-abb0-34f69010ca93', '2025-10-01'),
('12245c84-ee08-4b6d-878a-18f74a8a669f', 'Meena Patil', 72, 'female', '+919372110251', 'c3dd6582-cd2e-48e9-a643-02ac140a525d', '2026-06-03'),
('3aa4b080-b847-4679-9010-1788812296e6', 'Anitha Hegde', 74, 'female', '+919768142343', '410bd1fb-e78a-4ad1-8ffc-6687d342f359', '2025-10-06'),
('8ac49cf9-66df-43ec-b921-849d2d16ae2d', 'Kiran Kumar', 72, 'male', '+919127625280', 'c3dd6582-cd2e-48e9-a643-02ac140a525d', '2026-03-28'),
('ed05e3d7-7a10-447d-aa05-e0885a0f7bf5', 'Kavya Rao', 73, 'female', '+919497143719', 'e8b22baf-fc85-46b6-98ea-fda966125f58', '2025-12-11'),
('f17c36cd-59bc-4339-89ae-5ed0e01610ef', 'Anitha Patil', 63, 'female', NULL, 'd054fe0a-c879-4380-b917-43e434575faf', '2026-04-06'),
('59641e23-9857-4550-b50c-48971bc12284', 'Renuka Shetty', 42, 'female', '+919831924231', '410bd1fb-e78a-4ad1-8ffc-6687d342f359', '2025-09-08'),
('25acf6a0-2bd4-43da-a93f-29cd742b238d', 'Anitha Shetty', 74, 'female', '+919641712514', 'd8d4c88c-1e52-417e-a930-e7490bbf2352', '2025-12-17'),
('4daca007-79e3-42b0-ae22-e7ad647240ee', 'Kiran Nayaka', 43, 'male', '+919659583133', 'b91428bb-a366-4c5d-abb0-34f69010ca93', '2026-01-31'),
('071b4224-303a-4485-9fd8-ac60e8c4714d', 'Rakshitha Shetty', 51, 'female', '+919677534650', 'b91428bb-a366-4c5d-abb0-34f69010ca93', '2026-04-22');

-- ─── SCREENINGS (180) ────────────────────────────────────────────────────────────────
INSERT INTO screenings (id, patient_id, screening_date, disease_type, bp_systolic, bp_diastolic, flagged_condition) VALUES
('ffdedb38-3a1e-401b-a92f-6b0709b9bf68', '538113de-0a9a-4de7-bfa5-f99ffc8fbe6d', '2026-05-16', 'hypertension', 179, 87, true),
('ee0c10e8-8c2d-4a90-b687-2d4fa58ab40b', 'd607edd9-1c0e-4263-abe3-9cce33cc0d78', '2026-06-23', 'hypertension', 115, 74, false),
('73f2a4d9-9c61-406d-a9ea-789b40523378', '8ac49cf9-66df-43ec-b921-849d2d16ae2d', '2026-06-01', 'hypertension', 113, 70, false),
('480c8308-aa9a-4bc6-b2e2-14bcf898df85', '1cf0e824-9a28-4aa5-9be1-ef4d4197cd77', '2025-09-20', 'hypertension', 131, 73, false),
('52214529-add5-4474-9946-bdaedfc95b21', '262a9991-c566-4cbe-a09b-c472421eadf3', '2025-08-08', 'hypertension', 164, 89, true),
('f1a00997-98fe-47c2-88c9-af87a0587f21', '0952ed2d-b0a2-4b1a-9e61-8ea1bd611f2d', '2026-01-26', 'hypertension', 168, 109, true),
('8aa5efe4-910c-4b0c-ba0b-a63f987b1967', 'ff49dc6a-407b-4b88-a3f3-57ae245aad9f', '2026-05-01', 'hypertension', 147, 102, true),
('d37add4d-cafd-4ea5-82e5-2f18be63416d', '5345fc02-cf12-441d-9af4-8a3969ecc342', '2025-11-18', 'hypertension', 176, 89, true),
('a4838c64-7fbc-4742-9b5e-b27b69fa1cbc', '3da69ed6-c36c-4d34-a2c0-7155854ac0be', '2026-04-01', 'hypertension', 161, 104, true),
('a82cf734-e948-4766-8aad-fe626f7b0b15', '0cbc31c1-4785-48f6-b99f-a553aca84510', '2025-09-01', 'hypertension', 134, 75, false),
('02f780f2-d552-42e8-9c8a-43f4db80a22a', '5345fc02-cf12-441d-9af4-8a3969ecc342', '2025-07-14', 'hypertension', 160, 90, true),
('b3f1b406-ba5f-42d4-bb3f-a4482e27b467', '91a678ec-72f9-49d3-899c-f323db735818', '2026-04-08', 'hypertension', 124, 88, false),
('0760a8d5-57cc-42c2-8ddb-179416e11d2e', 'caf9b3f3-1afc-49c5-a74a-3a247a6c61bd', '2026-05-26', 'hypertension', 135, 77, false),
('698ae36f-fe48-4586-a582-6fe1dfa245d4', 'e6876c3f-e988-435c-82a2-e1505d74aaa3', '2026-04-03', 'hypertension', 136, 76, false),
('fb1f76ad-6368-4013-9879-848597de8f31', 'c5508e44-892e-4a33-8475-e251af97c7a8', '2026-04-19', 'hypertension', 133, 86, false),
('bd4a3e9b-ee01-4d69-bab6-21cf161ce80c', 'd73a8864-81d6-4212-b22a-10252f398249', '2025-12-29', 'hypertension', 154, 76, true),
('2a6cbc8b-4809-46a0-974a-76ba08c7600d', '6607713e-2e0d-458c-847b-1fdfbe5e8a6a', '2026-04-22', 'hypertension', 159, 86, true),
('3a408003-4b99-4d95-be07-996fdb602e27', '7a349ae3-6e06-4b50-8522-19fb61723593', '2026-07-04', 'hypertension', 152, 90, true),
('4ce3a729-debd-4fb7-92fd-f9e8f98027ec', '456c754c-7f95-4378-ab6c-35faca2394a6', '2026-01-29', 'hypertension', 159, 102, true),
('f7bf7afd-9507-461c-94b3-d40285588110', '1cf0e824-9a28-4aa5-9be1-ef4d4197cd77', '2025-08-03', 'hypertension', 175, 71, true),
('c7ebfce0-2894-4daf-bad2-74c7448259aa', '7a349ae3-6e06-4b50-8522-19fb61723593', '2026-05-28', 'hypertension', 130, 80, false),
('c374ec9c-62e5-4fd4-a15d-8edd82141f93', '8833c0da-e6e4-47dc-91a2-d4e98ac8c8c3', '2026-01-19', 'hypertension', 154, 82, true),
('035d4acc-f4fa-4603-a6a1-a0ab960b5ad7', '394f4380-624e-4c2b-b8c4-62589e277696', '2026-06-22', 'hypertension', 163, 72, true),
('d7152d47-f3c7-4b6c-8d5b-1b78a74c4a04', 'ed05e3d7-7a10-447d-aa05-e0885a0f7bf5', '2026-07-10', 'hypertension', 129, 108, true),
('ebcb4d07-95a3-41f2-ae8f-899e27f60d01', '98b38826-11e6-4b89-8519-8e10527266c3', '2025-08-16', 'hypertension', 115, 93, true),
('c36f9fca-2d56-4506-9509-beebf57f1ad6', '4d7eb4c8-37f3-4d51-98d3-813262a7913b', '2026-06-24', 'hypertension', 148, 100, true),
('9d8d6ed7-c688-4dba-a2a6-18ccede809cf', '1233d7f3-65cf-479d-bce0-3a38b424ed24', '2025-08-10', 'hypertension', 141, 71, true),
('26da7172-e77f-4c90-8fcc-c5aac8af885b', '9a5f0f3f-c09f-4845-a58e-cb8f9acd4466', '2026-01-20', 'hypertension', 121, 100, true),
('1de25d40-20f6-4486-8d61-968980ebf35b', '04f0e1d1-985b-49f5-8641-4a98b44f356b', '2025-11-03', 'hypertension', 125, 100, true),
('2b9ed886-30a1-4040-ab1d-4b7725a4bac3', 'caf9b3f3-1afc-49c5-a74a-3a247a6c61bd', '2025-12-09', 'hypertension', 114, 91, true),
('3719609f-00d4-419a-8f16-c8b3b4be24d6', 'fae958b2-78ea-45aa-b371-3091a71bc04c', '2025-12-10', 'hypertension', 165, 89, true),
('a40e2dbb-ebbd-4ec7-82e2-0d4aa349823f', '5345fc02-cf12-441d-9af4-8a3969ecc342', '2026-05-14', 'hypertension', 133, 79, false),
('25385c89-b758-43ef-b27d-c8d23ab6e4f5', '94cba1b4-716d-4b17-9f46-74a56b780047', '2025-09-30', 'hypertension', 162, 88, true),
('02c66166-589e-4a50-8a85-4619366d1bba', '9a227b10-f136-4a5b-99b0-1888f058dbea', '2025-12-04', 'hypertension', 123, 109, true),
('ef626aec-288d-4d17-a825-6daa158910d4', '456c754c-7f95-4378-ab6c-35faca2394a6', '2025-09-25', 'hypertension', 166, 92, true),
('1a419615-3fe1-4e15-8993-2bbde71ed5f5', '3176e2dd-1ec8-431a-b1f1-11a2a82a2792', '2026-03-10', 'hypertension', 180, 100, true),
('d44e7ba3-c423-4124-b0ea-9b4c3246355f', '79afbc90-f79d-48ff-83ec-34443b926e17', '2026-02-18', 'hypertension', 162, 110, true),
('cfda0d7f-00d8-463d-9828-566c24bfd42b', 'e6876c3f-e988-435c-82a2-e1505d74aaa3', '2026-01-04', 'hypertension', 121, 93, true),
('c4f847a8-3074-4e6d-a94b-2d269ab40a1f', '2c2c6775-0a18-4322-8673-b4121826ea9f', '2025-08-16', 'hypertension', 124, 73, false),
('5169dae7-73ba-4d2d-bd72-de1fa0b4a076', '5964fb3e-7f12-4d6a-b496-3fc9c4d8f7ab', '2026-03-13', 'hypertension', 141, 93, true),
('a8354c81-ad09-41dd-b171-1cddabc34cc6', 'f859f66a-9653-4289-800b-6b61a92c342b', '2025-07-31', 'hypertension', 116, 104, true),
('371815c9-7ae5-43ac-bc0b-90d3348e970e', 'bb6ddd61-9369-4111-a3e9-e516e27ef906', '2026-02-18', 'hypertension', 134, 99, true),
('f9a5323a-c938-48ae-9b29-8a5f3ddfb21c', '3da69ed6-c36c-4d34-a2c0-7155854ac0be', '2026-01-23', 'hypertension', 177, 93, true),
('4abaf9d0-9779-4e47-96ae-643423320f29', '6607713e-2e0d-458c-847b-1fdfbe5e8a6a', '2026-01-02', 'hypertension', 164, 99, true),
('22661976-445b-438a-a02d-25c08d23fe05', '538113de-0a9a-4de7-bfa5-f99ffc8fbe6d', '2025-10-02', 'hypertension', 118, 86, false),
('6b3e6710-d104-40da-9014-92f32a410c9b', '0c87ac0c-bbe1-4f69-9966-d9267bbe50c2', '2026-03-10', 'hypertension', 158, 97, true),
('8485d7de-c960-4549-a004-81533c279b34', '8ac49cf9-66df-43ec-b921-849d2d16ae2d', '2025-12-15', 'hypertension', 147, 96, true),
('c6613e75-c620-4c2b-a05c-34a6a030c2c4', '460e2ed8-9d55-43e7-aebc-716b09f1cdfd', '2026-05-20', 'hypertension', 133, 75, false),
('14f8f303-9b5d-4fbc-8f6e-4ce4172afd29', '1233d7f3-65cf-479d-bce0-3a38b424ed24', '2025-09-18', 'hypertension', 125, 97, true),
('e22ffec3-90dd-4f75-98a8-7f29e73fcf57', 'd1087437-703c-45d8-a572-ae8d83caee11', '2026-02-03', 'hypertension', 156, 83, true),
('e743a91c-4d9e-4229-ab55-6861938be266', 'c2378af7-6a5a-4d7b-a44c-ebeecbfc97ca', '2026-04-16', 'hypertension', 169, 110, true),
('adc9046f-65b3-49d6-b6df-a7cd610b6d7c', 'ff49dc6a-407b-4b88-a3f3-57ae245aad9f', '2025-11-26', 'hypertension', 127, 106, true),
('37c90378-a5f3-49d2-bfcf-38f98553018e', '0cbc31c1-4785-48f6-b99f-a553aca84510', '2025-07-18', 'hypertension', 113, 70, false),
('85e40500-de83-43ec-a453-9d7a7af83db1', '4df19e2c-ecb0-4d23-8eb6-56564cb8d00b', '2026-04-22', 'hypertension', 121, 110, true),
('5acdabff-06ae-4d86-9630-ff913157d2d4', '4b1b8e7a-2a64-48a6-b075-2ba96628c620', '2026-03-21', 'hypertension', 148, 100, true),
('a3ab04de-ca27-442c-ae76-a75e68151703', 'cca1bef3-e31f-4cd9-b7b6-ffedeb32089b', '2025-07-27', 'hypertension', 170, 90, true),
('37441428-75e2-4700-83b4-c8a5cf47e2db', '0cbc31c1-4785-48f6-b99f-a553aca84510', '2026-07-01', 'hypertension', 148, 73, true),
('95714a9d-69e6-4af9-9ca0-487c781f03b9', '999b2e38-1a88-44f5-9199-6ffe68a5ec04', '2026-05-23', 'hypertension', 136, 84, false),
('a695cd3a-ce0b-4bb1-ae9a-0ed02201c9ef', '12245c84-ee08-4b6d-878a-18f74a8a669f', '2026-01-13', 'hypertension', 173, 92, true),
('7a3faf14-fe1e-4693-8942-eda22dc8c225', '576098cc-6b3a-4eb9-a9f9-1a2eabe83456', '2025-10-20', 'hypertension', 163, 108, true),
('923fbcf5-6f41-457e-9f9e-514294d6a197', '29468ba0-b34d-4d59-8431-1b82f9bcadce', '2025-11-11', 'hypertension', 150, 83, true),
('f45adf06-d161-4865-b84c-0b53f4126949', '5ae68ba2-9f29-4b9a-9293-4676dcde4714', '2026-02-13', 'hypertension', 117, 107, true),
('0d3ed9c6-0384-4c6d-8ee3-4707bef04f3b', 'caf9b3f3-1afc-49c5-a74a-3a247a6c61bd', '2025-09-15', 'hypertension', 110, 102, true),
('5d853526-fc1b-4241-a5ae-90aeb190688d', 'db01b2fd-8dad-4479-90fa-e8974b31a971', '2026-06-20', 'hypertension', 158, 89, true),
('064dfbf8-1664-4bb4-aad7-4116813dfc83', '476f50f4-eca6-4b02-a9d2-3be0cb97239e', '2026-06-20', 'hypertension', 161, 75, true),
('40a37502-ccdf-44c8-b3a1-dc0e303d46e7', '25acf6a0-2bd4-43da-a93f-29cd742b238d', '2025-12-11', 'hypertension', 178, 93, true),
('44ba8187-df3d-4d6f-8812-353e89a9af4d', '071b4224-303a-4485-9fd8-ac60e8c4714d', '2026-03-23', 'hypertension', 127, 72, false),
('afdba3aa-f67b-413a-ba6f-a5ca6e47274b', '0c87ac0c-bbe1-4f69-9966-d9267bbe50c2', '2026-04-10', 'hypertension', 135, 81, false),
('59c2df04-52f4-45fd-87e7-afc4ae3ea861', 'fd77ab31-6145-4009-b824-94b1b578da6e', '2026-03-04', 'hypertension', 135, 81, false),
('ab84aa8e-566b-4d0c-9c2b-2da972967567', 'e6876c3f-e988-435c-82a2-e1505d74aaa3', '2025-09-13', 'hypertension', 125, 75, false),
('0d5c7a9d-c5e8-4e24-acda-58937931f0c1', 'b3a829d2-33da-4d7f-a804-110693099718', '2026-04-18', 'hypertension', 145, 103, true),
('40c1de59-3ca7-4922-bc35-7d514f8ab99b', 'ad8bd7ef-1d5f-48a7-abc4-8188e74b5f39', '2025-07-25', 'hypertension', 165, 75, true),
('af7b53ac-480b-483f-9fa6-c1fa5a27337d', '047c6151-6986-4d85-8709-7ba14a2f0141', '2025-12-13', 'hypertension', 133, 78, false),
('e08d8272-f6f8-455d-8cd5-fca4833b7ad4', 'a30407a4-4ddf-46fc-9947-f15cd3d9b7e0', '2026-05-03', 'hypertension', 172, 75, true),
('87a73752-4b85-417e-ae52-c33ae84eff60', '8ac49cf9-66df-43ec-b921-849d2d16ae2d', '2026-03-25', 'hypertension', 165, 76, true),
('04201453-d88f-48ab-99c6-55c0a0bf73eb', '262a9991-c566-4cbe-a09b-c472421eadf3', '2026-06-06', 'hypertension', 149, 108, true),
('c0bc69f2-2112-4034-9e85-2f826db6153b', '5ae68ba2-9f29-4b9a-9293-4676dcde4714', '2025-10-31', 'hypertension', 134, 102, true),
('9e827af5-7802-4f7f-a683-bdf860afc9a3', 'a24eeb16-db10-4607-88ef-0ef7023a25c8', '2026-05-10', 'hypertension', 110, 96, true),
('575d3d34-f867-4611-8fc2-852ea5e48244', '94cba1b4-716d-4b17-9f46-74a56b780047', '2026-02-10', 'hypertension', 111, 74, false),
('e3641147-f5d7-493c-8d91-ff16d2484804', '193abc3d-81b4-4e8e-8db1-2844a245e319', '2026-04-28', 'hypertension', 129, 87, false),
('780c3a3e-7a80-486d-8ced-0d8b803437e9', 'c2378af7-6a5a-4d7b-a44c-ebeecbfc97ca', '2026-06-26', 'hypertension', 149, 70, true),
('bf508658-0abb-461c-a37b-9b392f6fc2c1', '538113de-0a9a-4de7-bfa5-f99ffc8fbe6d', '2026-06-01', 'hypertension', 142, 91, true),
('92602f83-787b-4aad-8326-108022aaee66', 'c9b499d9-20d7-45a2-8a1c-069b9f494647', '2026-04-16', 'hypertension', 177, 104, true),
('0e8065b9-248b-4f93-9e89-8c36e1397500', '76a5dda1-47f3-4371-87b8-a795ba6ef80b', '2026-04-26', 'hypertension', 119, 73, false),
('1a3895a7-de1f-413f-928f-e54f0b3392ec', '34f07188-8bcc-4f4e-b9db-505ac8d6639d', '2026-06-17', 'hypertension', 114, 102, true),
('285aa401-8514-4942-8862-2c31c974cdba', 'f59df45e-4d3e-4ca6-a610-f52299e4edd6', '2026-04-17', 'hypertension', 133, 100, true),
('42c992e6-b97c-4992-811d-5ef9f605717d', '5ae68ba2-9f29-4b9a-9293-4676dcde4714', '2025-09-30', 'hypertension', 131, 93, true),
('9b319ec6-ad60-4a08-a6ad-17879d291c52', '34f07188-8bcc-4f4e-b9db-505ac8d6639d', '2025-07-25', 'hypertension', 161, 101, true),
('936e3dd1-391d-4132-b200-18c93dcf02d6', 'fe1db5de-0a25-4dad-871a-1de09a0d40fa', '2025-12-16', 'hypertension', 163, 95, true),
('baced856-b5e6-4f28-8021-5e9c33197d30', '3da69ed6-c36c-4d34-a2c0-7155854ac0be', '2025-09-12', 'hypertension', 127, 79, false),
('13d804d5-5dd3-4cec-b99a-e901a77afcf7', '3d2d5421-b9d8-4a23-8089-4cd3e045625f', '2026-03-23', 'hypertension', 166, 107, true),
('d0334a5a-af54-4bf3-9b9b-83cdebaf15d4', '83bbb8d4-be16-4f3d-8434-909f68e4c91c', '2026-04-29', 'hypertension', 180, 73, true),
('fb282dd6-0c1c-4e8a-9b81-1b95df9d5160', '4183e16a-4772-4efa-9208-f9e41766e186', '2025-08-12', 'hypertension', 133, 81, false),
('9e87b6ee-f37c-442f-86b7-243cc14c3653', 'f17c36cd-59bc-4339-89ae-5ed0e01610ef', '2026-02-05', 'hypertension', 169, 107, true),
('52038240-f670-4995-af15-651e99c09c4c', '25acf6a0-2bd4-43da-a93f-29cd742b238d', '2026-06-18', 'hypertension', 137, 75, false),
('5ab719f6-06e5-46ac-88b7-520038cf3c15', '8833c0da-e6e4-47dc-91a2-d4e98ac8c8c3', '2026-05-20', 'hypertension', 148, 92, true),
('42881385-f564-4412-a760-37ea7deea373', '825a6755-fe6b-4f45-864d-360d55563954', '2025-07-30', 'hypertension', 126, 109, true),
('b22209c8-4841-4e1b-91c7-8b2874d28810', '576098cc-6b3a-4eb9-a9f9-1a2eabe83456', '2025-09-07', 'hypertension', 115, 109, true),
('25eeb285-8071-4953-a99e-95f2d128a339', '6607713e-2e0d-458c-847b-1fdfbe5e8a6a', '2025-11-20', 'hypertension', 153, 94, true),
('20fd903c-8d45-4e20-b215-51654d5a53b0', 'f972bf50-396d-4960-adaa-e06b706be9d1', '2025-12-17', 'hypertension', 139, 83, false),
('593bfb9b-976c-442a-8a64-20509051d305', '576098cc-6b3a-4eb9-a9f9-1a2eabe83456', '2026-05-02', 'hypertension', 122, 79, false),
('a9ad2d8b-c7b1-46fd-bed2-9505d3d0aef0', '4d04cc4c-377b-400a-98cd-f931079dc58d', '2026-03-22', 'hypertension', 112, 96, true),
('3d58a14e-9abd-4241-9fc6-87a298ac74d8', 'bb6ddd61-9369-4111-a3e9-e516e27ef906', '2026-01-08', 'hypertension', 165, 71, true),
('f8a41fee-c75c-4b13-b6b2-8b5de9624a45', 'd73a8864-81d6-4212-b22a-10252f398249', '2026-03-17', 'hypertension', 114, 84, false),
('281ad07c-4d0f-48b6-9f2d-f2d3648cf1a9', '6ce2fa9d-0e26-45d4-9900-81d18ec07ef9', '2026-04-05', 'hypertension', 163, 70, true),
('957ee928-1242-4499-9b0c-9e80e6b99958', '8833c0da-e6e4-47dc-91a2-d4e98ac8c8c3', '2026-04-20', 'hypertension', 148, 99, true),
('d51fb3d7-5835-420e-81a0-94c7c46a5b41', 'e36a8efc-997e-40c7-9d52-d73ba3de0c15', '2025-08-20', 'hypertension', 138, 76, false),
('679f2115-c45a-470c-8f4f-f215fd81aac2', 'db0fc73b-27e6-47d4-8688-bde909a84067', '2025-11-30', 'hypertension', 168, 95, true),
('9a6e56ee-98ac-4e98-a8e9-e2ed8a905412', '91cb40f2-8945-4e19-aaeb-a0903cc9f10b', '2025-10-05', 'hypertension', 135, 102, true),
('775ab165-f977-4ca6-889e-488d5f248a03', 'f2b06cbd-1ad7-4c5b-8a92-1160c588b408', '2026-04-29', 'hypertension', 147, 95, true),
('5f994ac0-3fa2-49f3-9e59-e7e4f190594a', '5759bd98-085a-472c-a3ca-c0b0dcd5e580', '2025-11-01', 'hypertension', 175, 92, true),
('de803e79-459c-4035-8909-52f18ac5bac1', '3ad61718-e469-4060-9612-2efbf8ef87f9', '2025-09-24', 'hypertension', 121, 79, false),
('2a829056-93df-49e6-bb8b-2a4a3f8bb5ac', 'f859f66a-9653-4289-800b-6b61a92c342b', '2025-10-12', 'hypertension', 162, 79, true),
('55499e48-6e36-49cc-86a8-fc7ccc9b2207', '0406d372-7e6b-406a-accb-5f16161efcb2', '2026-05-13', 'hypertension', 154, 94, true),
('e88a3b4d-dccf-4854-bf51-d2148ae6e08b', '8620e56f-f11f-476b-85c3-50b4346f3c4a', '2026-04-04', 'hypertension', 171, 93, true),
('3fa39d81-e6c1-4a38-bae0-2ac52a715a14', 'b3d44723-b6dc-4024-8e78-8ba40541842a', '2025-12-17', 'hypertension', 129, 96, true),
('03b5ebaf-40de-4a87-8019-ec24ec2f1965', '45e30c8a-30a2-4aca-8215-aa5a040e9dd3', '2025-12-06', 'hypertension', 136, 87, false),
('2f6cc8a0-2dbb-4ade-a391-4243c3ab4453', '1b9799ec-41a8-4499-829a-afd228d5691b', '2025-09-21', 'hypertension', 168, 80, true),
('f4327891-bcf1-45a7-bc1b-d31496f5d00b', 'd86f9c07-98a3-4993-b573-d70ec1b037a5', '2026-01-10', 'hypertension', 155, 96, true),
('952faaea-4c21-42ec-8fb7-7386feed9594', 'a30407a4-4ddf-46fc-9947-f15cd3d9b7e0', '2026-05-13', 'hypertension', 179, 106, true),
('d114b263-eb9d-4806-b6f6-28ad7beeb8df', 'cc459735-1dbc-4357-bcf5-d7ce46c52b1c', '2026-03-17', 'hypertension', 113, 81, false),
('438da669-617f-42bc-af92-b5532fbb74f0', 'd86f9c07-98a3-4993-b573-d70ec1b037a5', '2026-05-16', 'hypertension', 129, 97, true),
('37e6e050-bde7-4d18-b411-d255eaa37acd', 'f2b06cbd-1ad7-4c5b-8a92-1160c588b408', '2025-09-22', 'hypertension', 179, 104, true),
('68067075-2350-4733-bc51-760c9ac3c1d8', '1cf0e824-9a28-4aa5-9be1-ef4d4197cd77', '2025-10-20', 'hypertension', 180, 75, true),
('16ca3b53-8ed2-4439-851d-3d00366d52c1', '2c2c6775-0a18-4322-8673-b4121826ea9f', '2026-02-13', 'hypertension', 164, 107, true),
('549b93e6-bdbd-45c9-ba36-d1d374d62ba4', 'b3a829d2-33da-4d7f-a804-110693099718', '2026-04-09', 'hypertension', 141, 99, true),
('68ae1486-0ce3-44fb-8bb8-c8ad4661309f', '4d7eb4c8-37f3-4d51-98d3-813262a7913b', '2026-05-17', 'hypertension', 140, 100, true),
('64152bf1-d4b1-4d89-bfc6-585ce4de6fdc', '4b1b8e7a-2a64-48a6-b075-2ba96628c620', '2026-03-03', 'hypertension', 117, 96, true),
('bc010f9e-fb5a-4f36-8135-24afb111cbd5', '25acf6a0-2bd4-43da-a93f-29cd742b238d', '2025-09-03', 'hypertension', 144, 82, true),
('7d51ec19-70e7-4c98-9cac-0979f1ba0df0', '59641e23-9857-4550-b50c-48971bc12284', '2026-01-12', 'hypertension', 111, 86, false),
('ebead001-d86f-4704-8e6a-4383d754a94a', '1a5f4160-ef9a-42c8-8717-e2617e904b1d', '2025-11-23', 'hypertension', 139, 88, false),
('4092ea79-76f2-4383-8d2c-e65bf0181381', 'e36a8efc-997e-40c7-9d52-d73ba3de0c15', '2025-12-06', 'hypertension', 122, 103, true),
('84f27a58-a6b0-42a8-bb18-9979815eff65', '53de5306-ddb5-47c0-87d5-44347d210f0d', '2026-06-25', 'hypertension', 152, 92, true),
('35ca4a1b-b776-4335-9be5-546624871d8e', '79afbc90-f79d-48ff-83ec-34443b926e17', '2026-05-13', 'hypertension', 149, 107, true),
('73d16f7d-028e-4ae9-8bba-21bae5867819', '999b2e38-1a88-44f5-9199-6ffe68a5ec04', '2025-10-03', 'hypertension', 140, 101, true),
('4ad3d010-acc4-453c-9c73-24fb6d216cb3', '047c6151-6986-4d85-8709-7ba14a2f0141', '2026-06-29', 'hypertension', 176, 71, true),
('ee0b080d-a5eb-4947-b243-e0e88cd4a692', 'f17c36cd-59bc-4339-89ae-5ed0e01610ef', '2026-07-12', 'hypertension', 171, 87, true),
('a6224e56-8a4d-4b23-89ea-250fe2ab60d2', 'c5508e44-892e-4a33-8475-e251af97c7a8', '2026-03-02', 'hypertension', 149, 101, true),
('31b79944-5448-49fe-a3cd-7a1bc6f34994', 'dce4c731-3da6-4868-afe4-3a8524067720', '2025-10-25', 'hypertension', 157, 71, true),
('d9f7b997-cd06-4059-a831-589c25ee1c13', 'c8a43e2c-27b6-416b-a532-1f224b7ddbce', '2025-12-28', 'hypertension', 152, 104, true),
('a073dfa6-321e-4437-b300-652572970290', 'c9b499d9-20d7-45a2-8a1c-069b9f494647', '2026-04-21', 'hypertension', 179, 76, true),
('37196189-c12c-4b49-b785-f6407143bbef', '3960235b-5c9f-49c6-81f5-9652815a1f7c', '2026-06-05', 'hypertension', 124, 90, false),
('b8ecdf06-1e9a-435b-97b2-079861822b24', 'c8a43e2c-27b6-416b-a532-1f224b7ddbce', '2026-05-11', 'hypertension', 166, 107, true),
('2509a240-ee34-4dff-adf7-0fcffc701c6a', '0406d372-7e6b-406a-accb-5f16161efcb2', '2026-06-26', 'hypertension', 137, 86, false),
('0cbfe0fc-8f5a-4a5a-9d23-ad9693ab4500', '79afbc90-f79d-48ff-83ec-34443b926e17', '2025-07-26', 'hypertension', 163, 91, true),
('c648fef8-86fa-4003-9dcd-dafd58504b9e', '576098cc-6b3a-4eb9-a9f9-1a2eabe83456', '2026-06-09', 'hypertension', 142, 77, true),
('74141ef7-1666-40e1-9204-2d7d9dadd8b5', '5d0d058f-a5d9-4d69-834a-d2db66fd0458', '2026-06-14', 'hypertension', 166, 92, true),
('3eccd3d0-be50-4292-98f5-51c1d1d3a92a', 'db01b2fd-8dad-4479-90fa-e8974b31a971', '2026-03-26', 'hypertension', 126, 86, false),
('17a897a0-b056-4ebc-9b39-a592fe280208', 'd73a8864-81d6-4212-b22a-10252f398249', '2025-11-05', 'hypertension', 141, 83, true),
('5856b8d5-2112-42ff-be25-d08fc2558a1f', 'f859f66a-9653-4289-800b-6b61a92c342b', '2026-03-02', 'hypertension', 161, 76, true),
('95f74d37-c4aa-4be8-ad55-73009c1b13ec', '93163e2f-c260-47cc-9156-a9c594aad47b', '2026-03-03', 'hypertension', 155, 106, true),
('059bdd99-bc1a-4898-9077-fb161b01a023', '0cbc31c1-4785-48f6-b99f-a553aca84510', '2025-09-21', 'hypertension', 125, 72, false),
('a41e8ab7-7d2b-43ca-b4a0-beac73601f14', '3d2d5421-b9d8-4a23-8089-4cd3e045625f', '2025-08-24', 'hypertension', 134, 104, true),
('81412ab7-3917-4718-a994-7fdf22e9c9cd', 'aaca349c-c427-4c41-8c5f-295cccba42d1', '2026-01-20', 'hypertension', 136, 84, false),
('e5be7ef6-ec77-4004-a365-9e03d1f32d95', 'f859f66a-9653-4289-800b-6b61a92c342b', '2025-11-26', 'hypertension', 165, 100, true),
('e50106a0-7844-48e5-8742-74489e0ee16f', '1a5f4160-ef9a-42c8-8717-e2617e904b1d', '2025-08-13', 'hypertension', 179, 85, true),
('77c230df-ae9f-42d1-89e0-b7da5575345a', '98b38826-11e6-4b89-8519-8e10527266c3', '2025-09-22', 'hypertension', 174, 104, true),
('abca565d-075d-4522-b03f-80289e9278af', 'cf3f0139-0cb0-418d-9ecf-bf46f833d9b5', '2025-10-06', 'hypertension', 163, 82, true),
('3866497c-1feb-4d7d-a0df-546c4ef0b614', '460e2ed8-9d55-43e7-aebc-716b09f1cdfd', '2026-01-17', 'hypertension', 127, 70, false),
('88c2c588-2f14-4eec-bb17-7e9b851a8ef0', 'c9b499d9-20d7-45a2-8a1c-069b9f494647', '2025-09-15', 'hypertension', 159, 77, true),
('19685e8e-e5d2-4b2f-87a7-5eb526682926', 'e55f3031-420b-457b-8ab7-bd7e3e1282f1', '2025-09-02', 'hypertension', 133, 97, true),
('7bf2185f-6480-4e87-b410-cf8ff80330ed', '4215f6b5-eb96-4040-b481-43cfbd33600f', '2025-12-02', 'hypertension', 134, 106, true),
('b7894782-7ab2-4027-b57e-81567e9b1dd1', '6ce2fa9d-0e26-45d4-9900-81d18ec07ef9', '2025-10-08', 'hypertension', 159, 95, true),
('95021115-113a-4e33-8c08-37df45692df6', 'c8a43e2c-27b6-416b-a532-1f224b7ddbce', '2026-02-02', 'hypertension', 130, 101, true),
('b5224ceb-09b7-4e29-9266-3ba6d346358e', 'a24eeb16-db10-4607-88ef-0ef7023a25c8', '2025-07-26', 'hypertension', 120, 77, false),
('2649f1db-baad-4fd9-a7ab-3293d9bebf88', 'ca51b9f9-ba81-4dbe-88b1-4b286b737657', '2025-08-23', 'hypertension', 151, 104, true),
('cb88fc59-17cc-4bbb-86bf-575ec13ff2b2', '12245c84-ee08-4b6d-878a-18f74a8a669f', '2025-09-18', 'hypertension', 111, 108, true),
('9bd13352-4d6a-4c2c-9685-5f93a4032f0a', '98b38826-11e6-4b89-8519-8e10527266c3', '2026-01-18', 'hypertension', 176, 100, true),
('5cb3c4cc-6937-4e0a-8a98-c1fb8db3b145', '48281f96-e736-493e-a00d-ee20207c4bd1', '2025-11-29', 'hypertension', 141, 89, true),
('e163591a-3932-4650-af88-33af2174a6a1', '91a678ec-72f9-49d3-899c-f323db735818', '2025-12-12', 'hypertension', 170, 96, true),
('ca23cc4c-c880-42f1-a1e6-2364372d1f51', 'e36a8efc-997e-40c7-9d52-d73ba3de0c15', '2025-10-28', 'hypertension', 173, 98, true),
('ba7f1db3-85fa-4141-8cb3-44ffa5b1021a', '79afbc90-f79d-48ff-83ec-34443b926e17', '2025-09-07', 'hypertension', 151, 80, true),
('091db873-ebac-4263-9d13-4da414df9eec', '8833c0da-e6e4-47dc-91a2-d4e98ac8c8c3', '2026-01-31', 'hypertension', 172, 84, true),
('6ce87052-9a93-4ca9-9952-c97400af4cf3', '2c2c6775-0a18-4322-8673-b4121826ea9f', '2026-06-24', 'hypertension', 140, 93, true),
('38b91ed3-ceb4-45ef-9ba2-304f72bc4aa1', 'c5508e44-892e-4a33-8475-e251af97c7a8', '2026-01-17', 'hypertension', 113, 80, false),
('c5bc7e4c-042b-40d5-8510-00ade4ed8f89', 'ff49dc6a-407b-4b88-a3f3-57ae245aad9f', '2026-03-27', 'hypertension', 166, 70, true),
('dfd47ba9-1932-4361-a719-ac659cbcd616', 'd86f9c07-98a3-4993-b573-d70ec1b037a5', '2026-06-15', 'hypertension', 120, 95, true),
('78122d6b-1b4d-4a17-8982-4c78b221d135', '91a678ec-72f9-49d3-899c-f323db735818', '2025-08-28', 'hypertension', 146, 72, true),
('e1259e52-cd3c-4f1a-81e0-ff9f8703551b', '3176e2dd-1ec8-431a-b1f1-11a2a82a2792', '2025-12-27', 'hypertension', 126, 97, true),
('3c420d9c-43f4-4593-9e46-d569bf393ce4', '48281f96-e736-493e-a00d-ee20207c4bd1', '2026-01-08', 'hypertension', 125, 90, false);

-- ─── FOLLOW-UP VISITS (300) ──────────────────────────────────────────────────────────
INSERT INTO followup_visits (id, patient_id, visit_date, bp_systolic, bp_diastolic, medication_adherent, expected_next_visit_date) VALUES
('6d20ab5b-402b-4093-af83-3b6ef0d62601', '476f50f4-eca6-4b02-a9d2-3be0cb97239e', '2026-06-12', 128, 90, true, '2026-07-12'),
('e646ad2e-6462-40d4-a0a7-5ac1c1be948f', 'ff49dc6a-407b-4b88-a3f3-57ae245aad9f', '2025-07-17', 166, 87, true, '2025-08-16'),
('94ccf1d4-6217-49ed-bf25-bf64fd0c4300', '8ac49cf9-66df-43ec-b921-849d2d16ae2d', '2025-09-10', 145, 91, true, '2025-10-10'),
('29dc5c61-9c79-4ace-8ce7-0870b5bf7777', '91a678ec-72f9-49d3-899c-f323db735818', '2025-08-31', 166, 97, true, '2025-09-30'),
('d841c006-bc80-4a88-bd5a-3429f7f1c2a6', '8d4566cd-d503-49be-859c-838d61d2dcdf', '2025-07-22', 121, 96, false, '2025-08-21'),
('6df6ea52-015d-4371-9443-583819026424', '3ad61718-e469-4060-9612-2efbf8ef87f9', '2025-08-28', 134, 93, true, '2025-09-27'),
('45d03e93-a697-4e96-8388-695fa244acba', 'ed05e3d7-7a10-447d-aa05-e0885a0f7bf5', '2025-07-30', 124, 91, true, '2025-08-29'),
('6c0cadd6-17b0-490a-b2d8-e0fd0c4dd266', '4215f6b5-eb96-4040-b481-43cfbd33600f', '2026-05-03', 136, 93, true, '2026-06-02'),
('3079ae2c-d6e6-4737-b55e-5a490049c80e', '3d2d5421-b9d8-4a23-8089-4cd3e045625f', '2025-08-01', 159, 98, true, '2025-08-31'),
('2b49b376-6e6d-4bfa-92d0-a67ba52a89f4', '538113de-0a9a-4de7-bfa5-f99ffc8fbe6d', '2025-07-14', 121, 84, false, '2025-08-13'),
('69da77fc-a210-4275-8c40-637ec9d0b9e0', '538113de-0a9a-4de7-bfa5-f99ffc8fbe6d', '2025-12-13', 164, 98, true, '2026-01-12'),
('4a7109f7-41a5-4f40-85b6-f69332bb8be8', '93163e2f-c260-47cc-9156-a9c594aad47b', '2025-07-21', 128, 92, true, '2025-08-20'),
('6d6dffea-c7e2-4e78-9518-a600c6165a37', 'cefcb606-7b1b-41f6-ba93-9d83a07c80fb', '2026-04-22', 144, 95, true, '2026-05-22'),
('000c9cc9-8181-4245-9582-b7dd3bf4b1ff', '825a6755-fe6b-4f45-864d-360d55563954', '2025-09-21', 169, 85, true, '2025-10-21'),
('6b84839e-3e19-423a-89e4-f377821d845e', '1b9799ec-41a8-4499-829a-afd228d5691b', '2026-05-20', 125, 100, false, '2026-06-19'),
('4652298b-0ed9-4269-84ad-bc9950cf1427', 'cfcffa2d-acb4-4e32-86e7-4d93f8f46aa6', '2026-01-18', 131, 90, false, '2026-02-17'),
('e186880f-a630-4af5-9322-5296c45e5ed9', '1b9799ec-41a8-4499-829a-afd228d5691b', '2026-06-10', 128, 85, true, '2026-07-10'),
('a6b23520-c9fd-4645-8690-994e67942b4c', 'd607edd9-1c0e-4263-abe3-9cce33cc0d78', '2025-08-06', 125, 84, true, '2025-09-05'),
('9ff1715a-f15b-4548-a81a-be43f3390eb7', '825a6755-fe6b-4f45-864d-360d55563954', '2025-08-29', 120, 89, true, '2025-09-28'),
('f0897a80-cb3d-412d-9915-5bc87f76e1f8', '3bfbfa4f-6a94-44f9-8bcb-048beace2cd3', '2025-12-25', 170, 87, true, '2026-01-24'),
('d9ed357c-dba5-4e96-9cd7-6ee62db7eca5', 'fae958b2-78ea-45aa-b371-3091a71bc04c', '2026-01-11', 144, 92, true, '2026-02-10'),
('df59de41-76f6-4e0f-ae7b-b7da4916ddc0', '687e7f1d-1ff2-4989-b7df-ed85e8a65c5d', '2025-09-26', 126, 80, false, '2025-10-26'),
('7bd34dff-d751-4b8a-8925-93721b7d2fa5', '91a678ec-72f9-49d3-899c-f323db735818', '2026-01-01', 136, 82, false, '2026-01-31'),
('f6d231c3-a89c-49cf-b1ee-f7c1652c43a0', '4183e16a-4772-4efa-9208-f9e41766e186', '2026-05-04', 149, 85, true, '2026-06-03'),
('fec7b514-5b25-424a-bf21-65e221ccc889', '538113de-0a9a-4de7-bfa5-f99ffc8fbe6d', '2025-10-21', 142, 84, false, '2025-11-20'),
('d7866c19-2403-43ea-98cb-8730579b9349', 'e51436b9-d0fa-4bd9-964b-7b598fa93371', '2025-11-16', 129, 83, false, '2025-12-16'),
('41d897e2-db55-420e-b8a8-884991be8cfb', 'e36a8efc-997e-40c7-9d52-d73ba3de0c15', '2025-12-08', 162, 100, true, '2026-01-07'),
('9da5913f-2054-45d1-a5c8-3b8c71cd1bcb', '5759bd98-085a-472c-a3ca-c0b0dcd5e580', '2025-12-11', 158, 93, true, '2026-01-10'),
('c1cca267-2aa4-4206-849c-4d589ae3c8ab', '8620e56f-f11f-476b-85c3-50b4346f3c4a', '2025-12-11', 142, 81, true, '2026-01-10'),
('61dd9cc9-8985-4d85-b4d6-b80221fff86b', 'c2378af7-6a5a-4d7b-a44c-ebeecbfc97ca', '2026-06-11', 121, 89, true, '2026-07-11'),
('3df0be52-f8dc-41c8-9c16-fac7932bd124', '9a5f0f3f-c09f-4845-a58e-cb8f9acd4466', '2026-06-28', 147, 99, true, '2026-07-28'),
('502d3cc4-0a40-4533-b164-f9fc1a235620', '6607713e-2e0d-458c-847b-1fdfbe5e8a6a', '2025-10-22', 161, 100, true, '2025-11-21'),
('6987c8ad-a0f6-4436-9998-f685c1e90866', '29468ba0-b34d-4d59-8431-1b82f9bcadce', '2025-08-15', 127, 82, true, '2025-09-14'),
('90b35dc7-c0fa-40f5-a909-beb22e72c8a2', 'f972bf50-396d-4960-adaa-e06b706be9d1', '2025-12-15', 140, 97, false, '2026-01-14'),
('3e90285c-c4ff-4a4f-97bd-517bae737209', '1b9799ec-41a8-4499-829a-afd228d5691b', '2026-07-08', 149, 82, true, '2026-08-07'),
('717b3f89-2556-44f6-beef-5e3a901a0c83', 'c9b499d9-20d7-45a2-8a1c-069b9f494647', '2025-07-15', 170, 85, false, '2025-08-14'),
('77d4a4e1-4c3f-4914-91db-b5f27fe456f9', '8f8181c3-0052-4ed5-a37b-b7ead5594615', '2026-03-16', 143, 88, true, '2026-04-15'),
('450358e9-2133-43d1-8a49-2cec8455b170', '76a5dda1-47f3-4371-87b8-a795ba6ef80b', '2025-09-11', 144, 82, false, '2025-10-11'),
('d3462b58-0746-451a-854a-e5b703af02e5', 'ed05e3d7-7a10-447d-aa05-e0885a0f7bf5', '2026-01-11', 154, 80, true, '2026-02-10'),
('2bd37ddc-41a5-4bb3-9081-9f1d3791439f', '83bbb8d4-be16-4f3d-8434-909f68e4c91c', '2026-02-20', 139, 90, true, '2026-03-22'),
('2fd897d9-c96a-454d-9882-ee3d78033e1e', 'c8a43e2c-27b6-416b-a532-1f224b7ddbce', '2026-06-16', 158, 88, false, '2026-07-16'),
('898b0eae-bedf-42fa-94d8-502810b40a77', '071b4224-303a-4485-9fd8-ac60e8c4714d', '2025-08-12', 121, 86, false, '2025-09-11'),
('2ad81cd2-118f-493b-9ab4-66ad23eae9ad', 'caf9b3f3-1afc-49c5-a74a-3a247a6c61bd', '2025-12-10', 129, 89, true, '2026-01-09'),
('215845b4-644c-4060-b3b2-fd032db3bc3f', '1233d7f3-65cf-479d-bce0-3a38b424ed24', '2026-04-08', 128, 94, true, '2026-05-08'),
('321ebf97-ad4b-43b5-b39d-c5f0dea9c390', 'd86f9c07-98a3-4993-b573-d70ec1b037a5', '2025-09-14', 127, 94, true, '2025-10-14'),
('124aa177-8baa-48fe-9b2a-a08a5d06d3e0', 'd73a8864-81d6-4212-b22a-10252f398249', '2026-06-25', 136, 80, false, '2026-07-25'),
('5470c57a-3724-4189-9aea-987b5775f145', '063fa0bc-8c26-48b3-a173-0f5d640496ae', '2026-05-04', 152, 80, true, '2026-06-03'),
('a68667f8-c961-483f-847f-d4a8beb5ea78', '09d967ca-e23e-4a90-a06d-addf3b725c7a', '2025-08-13', 128, 95, true, '2025-09-12'),
('8ac4070f-3196-4ca1-b825-3245bd7c9660', '48281f96-e736-493e-a00d-ee20207c4bd1', '2025-11-03', 120, 91, true, '2025-12-03'),
('ed3223ac-1d00-4a9c-8fc8-95c8a268a763', '952680ea-d9ec-45e9-99a9-6035dd28dcb3', '2026-06-26', 141, 99, false, '2026-07-26'),
('d1ffb0a5-fb30-4d1b-8961-558e731d8914', 'd73a8864-81d6-4212-b22a-10252f398249', '2026-06-06', 122, 96, false, '2026-07-06'),
('bc04ffbe-1a92-4b70-8622-a150db82a067', '476f50f4-eca6-4b02-a9d2-3be0cb97239e', '2026-01-04', 149, 86, false, '2026-02-03'),
('db7ab4df-6803-4d30-96fc-42ddc409656b', '93163e2f-c260-47cc-9156-a9c594aad47b', '2026-05-17', 169, 100, false, '2026-06-16'),
('0ccbd157-acc9-498b-a1af-00bf3ce10235', 'e6876c3f-e988-435c-82a2-e1505d74aaa3', '2026-05-23', 165, 99, true, '2026-06-22'),
('cb1cf8c9-e680-46b4-89f0-f9412368b9a6', '6ce2fa9d-0e26-45d4-9900-81d18ec07ef9', '2026-04-07', 159, 85, false, '2026-05-07'),
('8ecfbbd3-fec7-4a14-9be0-421c03dc5097', '25acf6a0-2bd4-43da-a93f-29cd742b238d', '2025-10-02', 124, 99, true, '2025-11-01'),
('64d9a1d3-2e13-4c67-8efa-f3da55047a60', '5fc553f8-f908-437a-940b-4f47d9e00f77', '2026-01-06', 149, 97, false, '2026-02-05'),
('1c0eb97d-76f3-4792-b968-3b935915b8fa', '9a227b10-f136-4a5b-99b0-1888f058dbea', '2026-01-16', 156, 82, true, '2026-02-15'),
('70ff5002-a691-4e5e-be88-e7fce8663110', 'e36a8efc-997e-40c7-9d52-d73ba3de0c15', '2026-01-06', 125, 86, true, '2026-02-05'),
('c22b0df0-d1b0-40f0-9d39-f898d861a476', 'f859f66a-9653-4289-800b-6b61a92c342b', '2025-10-30', 144, 95, true, '2025-11-29'),
('9088fe3c-e77f-482f-910c-fff8ce633eac', '8f8181c3-0052-4ed5-a37b-b7ead5594615', '2025-09-14', 126, 99, false, '2025-10-14'),
('dd6bb965-b095-4c63-8f44-6822685fddd4', 'c5508e44-892e-4a33-8475-e251af97c7a8', '2026-02-04', 164, 85, true, '2026-03-06'),
('4ef39b2a-13e6-413b-97d5-193b801240fd', '1a5f4160-ef9a-42c8-8717-e2617e904b1d', '2026-03-23', 130, 89, false, '2026-04-22'),
('548e834f-fe67-4087-abf6-7a10fe4be78b', 'f17c36cd-59bc-4339-89ae-5ed0e01610ef', '2025-10-08', 133, 92, true, '2025-11-07'),
('f22da84f-41bc-475d-8c2e-a7952f941de1', 'a24eeb16-db10-4607-88ef-0ef7023a25c8', '2025-10-28', 121, 100, true, '2025-11-27'),
('9b61d38f-dfce-48ab-af3f-a35840126eab', '3bfbfa4f-6a94-44f9-8bcb-048beace2cd3', '2025-10-24', 159, 89, true, '2025-11-23'),
('c1584bc5-6eb5-4e0d-ab08-da3ed9650b14', 'cea25cce-daf9-49f9-96e6-3ee1b9a597fc', '2026-06-06', 140, 97, true, '2026-07-06'),
('7bf15be1-279c-4646-b59a-1cc10d5a9e86', 'd1087437-703c-45d8-a572-ae8d83caee11', '2025-07-17', 168, 90, true, '2025-08-16'),
('73e562f5-7764-4572-ac4c-645b6e851510', '999b2e38-1a88-44f5-9199-6ffe68a5ec04', '2025-09-27', 129, 92, true, '2025-10-27'),
('73a0d68c-e1ab-465e-a8e6-c729994718ee', '456c754c-7f95-4378-ab6c-35faca2394a6', '2026-04-07', 133, 100, true, '2026-05-07'),
('cef62b22-95ab-43a5-8a6f-ce392e4e7c0c', '8833c0da-e6e4-47dc-91a2-d4e98ac8c8c3', '2026-06-24', 152, 94, true, '2026-07-24'),
('701dacf5-df35-472b-90f3-f043b5d4314a', '94cba1b4-716d-4b17-9f46-74a56b780047', '2025-10-25', 160, 98, true, '2025-11-24'),
('c7d5ad3a-3558-48eb-b18a-a4600f096608', 'e55f3031-420b-457b-8ab7-bd7e3e1282f1', '2026-01-23', 163, 91, true, '2026-02-22'),
('cadcb375-9b05-4146-be04-cdd6c8aa370d', 'cfcffa2d-acb4-4e32-86e7-4d93f8f46aa6', '2026-04-16', 166, 82, false, '2026-05-16'),
('6188aca7-d5f7-4ac6-9f1e-7e598de70f4c', 'd607edd9-1c0e-4263-abe3-9cce33cc0d78', '2025-10-11', 145, 87, false, '2025-11-10'),
('e498ddb3-9fd4-48c1-9d9a-e07391c9e8c9', '94cba1b4-716d-4b17-9f46-74a56b780047', '2025-10-20', 162, 95, false, '2025-11-19'),
('dda4cdf0-739a-471b-b588-11bf9e286d6f', '7b7c01c3-4b4b-4432-ad7f-941fd33c7e74', '2025-10-27', 150, 87, true, '2025-11-26'),
('67c0f27f-6a53-4367-a431-bb87933d740e', '8d4566cd-d503-49be-859c-838d61d2dcdf', '2025-10-17', 124, 93, false, '2025-11-16'),
('eb57dd6d-08c8-4d69-b8fe-3b7e4df6833d', 'bb6ddd61-9369-4111-a3e9-e516e27ef906', '2025-12-12', 167, 83, true, '2026-01-11'),
('a67df680-da26-4fc8-84f5-9cce09cf825a', '0406d372-7e6b-406a-accb-5f16161efcb2', '2026-03-01', 170, 97, false, '2026-03-31'),
('8392de39-02ef-41dc-9be7-c41d95865488', 'c5508e44-892e-4a33-8475-e251af97c7a8', '2025-09-12', 120, 96, true, '2025-10-12'),
('ed5377a8-2705-485a-ac56-b15e1fdbaf8f', 'cf3f0139-0cb0-418d-9ecf-bf46f833d9b5', '2026-05-06', 132, 99, true, '2026-06-05'),
('0baedf0f-0515-4a34-bbe5-46eab4fa234c', 'caf9b3f3-1afc-49c5-a74a-3a247a6c61bd', '2025-07-25', 124, 83, true, '2025-08-24'),
('f30da19b-7abb-4df0-87b8-71bfdcf20a67', 'd1eed35c-d86d-41d4-b51c-efc8984900c9', '2026-07-03', 147, 91, true, '2026-08-02'),
('b468bf2d-c485-4c1f-8091-801084015c79', '4215f6b5-eb96-4040-b481-43cfbd33600f', '2025-10-26', 162, 100, true, '2025-11-25'),
('2d38682f-3b3b-493f-b92a-735905159a20', '4d7eb4c8-37f3-4d51-98d3-813262a7913b', '2026-02-17', 166, 81, true, '2026-03-19'),
('dc7ba1f6-1a8d-4ede-b868-fcae81b4325b', 'b3a829d2-33da-4d7f-a804-110693099718', '2026-05-21', 137, 100, true, '2026-06-20'),
('0c049770-767a-46e5-bb4c-6a3df2af0a40', '0c87ac0c-bbe1-4f69-9966-d9267bbe50c2', '2025-08-18', 154, 89, false, '2025-09-17'),
('4025de09-8286-486c-bb95-75d0132a2ace', 'f59df45e-4d3e-4ca6-a610-f52299e4edd6', '2026-03-24', 135, 85, true, '2026-04-23'),
('9129886b-1cdf-4f5e-a00a-ac1ab091dd8b', 'f59df45e-4d3e-4ca6-a610-f52299e4edd6', '2026-03-30', 122, 97, false, '2026-04-29'),
('1691b7a3-cacd-4ea2-8710-8d4476902c08', '59641e23-9857-4550-b50c-48971bc12284', '2026-06-14', 143, 100, true, '2026-07-14'),
('923a0b0f-f848-4a9c-a23e-dff957539c5f', '106bf7ec-a26d-4a4a-a6ae-395b5c0d4b9d', '2025-10-25', 141, 85, true, '2025-11-24'),
('94d125a0-803b-4dc2-832b-590486be59f3', '4d7eb4c8-37f3-4d51-98d3-813262a7913b', '2026-06-27', 126, 80, true, '2026-07-27'),
('25d8b318-07f5-4b95-ba84-44cf428ab8e2', '25acf6a0-2bd4-43da-a93f-29cd742b238d', '2025-11-28', 146, 93, false, '2025-12-28'),
('2fad31e5-3c1e-4ae5-a6f1-b10f2ec4eba7', '0c87ac0c-bbe1-4f69-9966-d9267bbe50c2', '2025-12-20', 152, 81, false, '2026-01-19'),
('ad3e4925-9d97-41d4-bb20-98fcb5948f15', '79afbc90-f79d-48ff-83ec-34443b926e17', '2025-08-14', 129, 88, true, '2025-09-13'),
('71c28afc-2a55-43fe-ab17-43b31cbadac7', 'e55f3031-420b-457b-8ab7-bd7e3e1282f1', '2025-09-20', 170, 88, true, '2025-10-20'),
('ce4a1398-fb86-4727-9928-982df573897a', 'bb6ddd61-9369-4111-a3e9-e516e27ef906', '2025-09-15', 129, 80, false, '2025-10-15'),
('1ca51a26-eb0d-4fe0-ad48-4d88b5a09d6f', 'c2378af7-6a5a-4d7b-a44c-ebeecbfc97ca', '2026-05-26', 143, 91, true, '2026-06-25'),
('eae8b47e-7312-4bfd-81ee-4f6ff4c1d160', 'cea25cce-daf9-49f9-96e6-3ee1b9a597fc', '2025-12-07', 135, 92, true, '2026-01-06'),
('c0ccbaf2-bf2e-4b0a-9023-1f53e3ae61f5', '3bfbfa4f-6a94-44f9-8bcb-048beace2cd3', '2026-05-18', 130, 100, false, '2026-06-17'),
('d293d932-6672-45f9-a2f7-8bb0a6f43729', '4b1b8e7a-2a64-48a6-b075-2ba96628c620', '2025-10-05', 132, 89, false, '2025-11-04'),
('dacc2b81-8b21-418f-84d1-d71e46a8a762', '3aa4b080-b847-4679-9010-1788812296e6', '2026-04-28', 152, 83, false, '2026-05-28'),
('b3ae3c56-a2b7-4cd3-9b5c-19bf793c1560', '3aa4b080-b847-4679-9010-1788812296e6', '2026-03-29', 140, 89, false, '2026-04-28'),
('fe820e36-feda-45f8-b987-38538eb4cd6f', 'caf9b3f3-1afc-49c5-a74a-3a247a6c61bd', '2025-11-21', 140, 88, false, '2025-12-21'),
('cc1af57c-47ee-403b-bffc-b84edecf2291', '91a678ec-72f9-49d3-899c-f323db735818', '2025-10-21', 158, 88, true, '2025-11-20'),
('b36be5bc-b0d0-48ab-96a8-36b084972c26', '456c754c-7f95-4378-ab6c-35faca2394a6', '2025-11-11', 160, 92, true, '2025-12-11'),
('f1b5eb6a-79d5-4ec4-ba5b-c1e9ff4f1c3a', 'ad8bd7ef-1d5f-48a7-abc4-8188e74b5f39', '2026-06-19', 152, 87, false, '2026-07-19'),
('85350938-2d63-48cd-bddd-e63654b9c4c8', '0cbc31c1-4785-48f6-b99f-a553aca84510', '2025-10-26', 147, 95, true, '2025-11-25'),
('7e6f21ee-55d1-4993-8215-438cee938737', '9a5f0f3f-c09f-4845-a58e-cb8f9acd4466', '2026-04-01', 136, 81, false, '2026-05-01'),
('aaaa5219-1ea5-4b96-9c33-0ee69249e6f2', '262a9991-c566-4cbe-a09b-c472421eadf3', '2025-11-28', 159, 95, true, '2025-12-28'),
('a1fae589-952f-4721-87c2-fbc9718a0e8c', '8620e56f-f11f-476b-85c3-50b4346f3c4a', '2026-06-01', 159, 85, true, '2026-07-01'),
('f824933b-dd22-4599-b793-f581dd426e3a', '823c1e13-dcb0-41c9-8988-e97dec27b23c', '2026-05-02', 170, 90, false, '2026-06-01'),
('d938e6cf-9bc1-46a3-aa76-1c19cb867f78', 'b3d44723-b6dc-4024-8e78-8ba40541842a', '2026-04-25', 125, 83, false, '2026-05-25'),
('73ec2f19-62a1-4cba-af98-0cb41e7a81be', '106bf7ec-a26d-4a4a-a6ae-395b5c0d4b9d', '2026-07-09', 135, 92, true, '2026-08-08'),
('e98f275b-a329-4c97-b1b4-efaefa27c794', '83bbb8d4-be16-4f3d-8434-909f68e4c91c', '2026-06-10', 166, 98, false, '2026-07-10'),
('00d58f50-00e1-4d8e-9c66-16d8bf9ef14b', '94cba1b4-716d-4b17-9f46-74a56b780047', '2025-11-09', 136, 81, false, '2025-12-09'),
('d2833f84-5f76-4aaa-b0fe-ca46faef9f3a', '7b7c01c3-4b4b-4432-ad7f-941fd33c7e74', '2025-11-02', 147, 95, false, '2025-12-02'),
('e9d94391-e69f-4cae-84d5-79d6e159d225', '98b38826-11e6-4b89-8519-8e10527266c3', '2026-02-17', 148, 95, false, '2026-03-19'),
('c79f1d99-ed63-458b-8bc3-8123a2c0eb98', '48281f96-e736-493e-a00d-ee20207c4bd1', '2026-02-13', 141, 90, true, '2026-03-15'),
('05e453a2-20f9-4fa0-8e15-a851afc0db72', '7a349ae3-6e06-4b50-8522-19fb61723593', '2025-09-19', 167, 96, true, '2025-10-19'),
('5966be88-6f28-477b-b712-c13941e4dbff', '8620e56f-f11f-476b-85c3-50b4346f3c4a', '2025-11-03', 132, 93, true, '2025-12-03'),
('3ee48932-a4b7-4b4b-a125-9fdc9e5da152', '5fc553f8-f908-437a-940b-4f47d9e00f77', '2025-11-25', 130, 95, true, '2025-12-25'),
('b7acd3d5-fdff-4508-a525-904c93beb460', '12f0c57e-f563-47b7-850b-e52937377a42', '2026-05-22', 159, 81, false, '2026-06-21'),
('38873d23-6679-4ebd-a09e-45608004469f', '93163e2f-c260-47cc-9156-a9c594aad47b', '2025-11-28', 151, 85, true, '2025-12-28'),
('fe833285-e9cb-4521-9c71-9de2bea3d9ea', 'e51436b9-d0fa-4bd9-964b-7b598fa93371', '2026-06-22', 128, 84, true, '2026-07-22'),
('2e8c0abe-83d2-45d9-a9f5-47f36bb276c6', '5fc553f8-f908-437a-940b-4f47d9e00f77', '2026-04-05', 152, 98, true, '2026-05-05'),
('9e3b8b55-1fe2-4168-b127-a11a8d533936', 'd1087437-703c-45d8-a572-ae8d83caee11', '2026-02-04', 138, 88, false, '2026-03-06'),
('32159109-f255-4f7b-b3f7-7f667d0c16de', '9a5f0f3f-c09f-4845-a58e-cb8f9acd4466', '2026-06-26', 166, 81, false, '2026-07-26'),
('2470053a-fe10-4196-a097-c6da97a45841', 'a121f5ae-3e04-482d-b25b-5519480c440b', '2025-11-09', 163, 90, true, '2025-12-09'),
('4ebc57a6-b174-4b43-b196-6e3e60d34ab3', '79afbc90-f79d-48ff-83ec-34443b926e17', '2025-08-10', 122, 98, true, '2025-09-09'),
('bff9e4db-c47b-4bdc-bf2c-9182a7539b92', 'fe1db5de-0a25-4dad-871a-1de09a0d40fa', '2026-06-30', 150, 83, false, '2026-07-30'),
('73b0419c-cdf2-40dc-ac58-e1c5934c1fbb', 'ca51b9f9-ba81-4dbe-88b1-4b286b737657', '2025-11-02', 133, 87, false, '2025-12-02'),
('8d1d6b00-e298-40f7-8ad8-7d797f1f5621', '4daca007-79e3-42b0-ae22-e7ad647240ee', '2026-06-06', 150, 84, true, '2026-07-06'),
('74fc274d-e450-40b1-9b06-119ebf11cc7a', '1b9799ec-41a8-4499-829a-afd228d5691b', '2026-04-13', 135, 95, true, '2026-05-13'),
('2aafcd79-8b91-494a-8176-e4af26b8643e', '5759bd98-085a-472c-a3ca-c0b0dcd5e580', '2025-10-06', 142, 80, true, '2025-11-05'),
('f395bde6-79b6-450e-80e8-37b8ca77ebaa', 'ff49dc6a-407b-4b88-a3f3-57ae245aad9f', '2026-06-30', 124, 82, true, '2026-07-30'),
('ef7deb90-ee16-4be9-aa6b-158b4f937d76', '83bbb8d4-be16-4f3d-8434-909f68e4c91c', '2026-04-21', 132, 98, true, '2026-05-21'),
('106a6b70-5c55-4320-92ca-7ab98acf949f', 'cca1bef3-e31f-4cd9-b7b6-ffedeb32089b', '2026-03-17', 133, 84, true, '2026-04-16'),
('6467036f-21af-490a-90cd-f839ee33e558', 'ad8bd7ef-1d5f-48a7-abc4-8188e74b5f39', '2026-05-12', 121, 86, true, '2026-06-11'),
('3e6e2a95-5fcf-4b9f-a459-e4adb9868aa3', 'cf3f0139-0cb0-418d-9ecf-bf46f833d9b5', '2026-03-25', 124, 85, true, '2026-04-24'),
('a453a15b-694c-4892-93dc-b0a61e85b7b1', '7b7c01c3-4b4b-4432-ad7f-941fd33c7e74', '2026-05-06', 133, 95, false, '2026-06-05'),
('ed750b22-bf7a-4ba8-9805-81cff7f8ccc5', 'cfcffa2d-acb4-4e32-86e7-4d93f8f46aa6', '2026-04-10', 169, 93, true, '2026-05-10'),
('5457809d-eaa9-4a32-86fd-c2df8d74c985', '0406d372-7e6b-406a-accb-5f16161efcb2', '2026-01-01', 169, 81, true, '2026-01-31'),
('c05a2836-b9fc-4975-9eb0-b36e5317f378', '8ac49cf9-66df-43ec-b921-849d2d16ae2d', '2025-12-17', 140, 93, false, '2026-01-16'),
('800bc1b7-1baa-4992-9133-e8b74f262cf6', '3176e2dd-1ec8-431a-b1f1-11a2a82a2792', '2025-09-16', 127, 98, false, '2025-10-16'),
('e6b39f02-dc7c-4e5f-95a8-6cf5da2908ef', 'bb6ddd61-9369-4111-a3e9-e516e27ef906', '2026-06-24', 163, 84, true, '2026-07-24'),
('e7a3e228-9647-4920-a9bf-a7e93a872cd3', 'd1087437-703c-45d8-a572-ae8d83caee11', '2026-06-05', 134, 96, true, '2026-07-05'),
('969c2f80-8759-4af2-a844-7b1909ef9043', '12245c84-ee08-4b6d-878a-18f74a8a669f', '2026-01-24', 127, 85, false, '2026-02-23'),
('5d041b1e-642e-44e9-8020-ea65bdf7dc81', 'ed05e3d7-7a10-447d-aa05-e0885a0f7bf5', '2026-05-06', 137, 100, true, '2026-06-05'),
('2f8116c5-f9bc-4b26-84e1-9e50e7b81f77', '538113de-0a9a-4de7-bfa5-f99ffc8fbe6d', '2025-10-31', 151, 95, true, '2025-11-30'),
('a1ae785e-15c5-4099-9b3c-0e82bda69d52', '12245c84-ee08-4b6d-878a-18f74a8a669f', '2026-05-01', 161, 89, false, '2026-05-31'),
('475d5d10-bb6e-4e6d-ae8d-1f1cf2ae128c', '4215f6b5-eb96-4040-b481-43cfbd33600f', '2026-05-17', 168, 90, true, '2026-06-16'),
('bd7dac9c-ab52-4078-8f26-95d261289252', '5964fb3e-7f12-4d6a-b496-3fc9c4d8f7ab', '2026-03-15', 165, 85, true, '2026-04-14'),
('b93d9cc3-bd7c-49c2-903a-19f845792753', 'b3d44723-b6dc-4024-8e78-8ba40541842a', '2025-10-29', 169, 91, true, '2025-11-28'),
('fc342f71-2825-438d-a2bb-2862049da8e6', 'f59df45e-4d3e-4ca6-a610-f52299e4edd6', '2026-02-12', 151, 88, true, '2026-03-14'),
('53ab6d86-0b99-4bd9-a192-5a4658f53ded', '538113de-0a9a-4de7-bfa5-f99ffc8fbe6d', '2026-06-21', 158, 99, true, '2026-07-21'),
('61dc57c9-553b-425c-8940-1d9e8f988223', '2c2c6775-0a18-4322-8673-b4121826ea9f', '2026-07-01', 124, 87, true, '2026-07-31'),
('66d24ce2-73a0-4158-b3e8-da7fb5389ff9', 'dce4c731-3da6-4868-afe4-3a8524067720', '2025-07-23', 160, 91, true, '2025-08-22'),
('9f379962-445c-4432-a026-400bb616ba27', '476f50f4-eca6-4b02-a9d2-3be0cb97239e', '2026-04-19', 128, 90, true, '2026-05-19'),
('cc9fdba6-80a9-4b9f-bbd6-9d2920250c33', '823c1e13-dcb0-41c9-8988-e97dec27b23c', '2026-02-28', 155, 83, true, '2026-03-30'),
('48b31118-7059-4f29-86f3-197d4b1eabe9', 'a24eeb16-db10-4607-88ef-0ef7023a25c8', '2026-04-20', 142, 91, true, '2026-05-20'),
('35cad7b3-eb97-4130-9a60-f6a2c0ed4ead', 'ad8bd7ef-1d5f-48a7-abc4-8188e74b5f39', '2025-08-28', 144, 87, true, '2025-09-27'),
('bb419a5e-b242-4329-abb4-6fc1a1600172', 'cf3f0139-0cb0-418d-9ecf-bf46f833d9b5', '2026-03-21', 131, 98, true, '2026-04-20'),
('f8a564da-213f-4eec-a712-cf2a0751bab5', '262a9991-c566-4cbe-a09b-c472421eadf3', '2026-03-28', 152, 92, true, '2026-04-27'),
('d3d551d2-5adf-4fdc-8eb4-bb546f3fe4b5', '89be5aef-6965-46ab-a639-075461b1a8f9', '2026-05-21', 170, 85, true, '2026-06-20'),
('bdf0dd5b-e505-47e3-a4c1-00e28da47905', '1cf0e824-9a28-4aa5-9be1-ef4d4197cd77', '2025-12-09', 134, 84, false, '2026-01-08'),
('a35e9dfe-1188-4675-b091-7fa251e81d2b', '823c1e13-dcb0-41c9-8988-e97dec27b23c', '2026-03-20', 133, 95, true, '2026-04-19'),
('e8313408-04db-4364-bf01-7f5ae758949e', '576098cc-6b3a-4eb9-a9f9-1a2eabe83456', '2026-05-03', 130, 80, true, '2026-06-02'),
('f7793f1f-fb32-45a1-a307-4397e7430a0a', '6607713e-2e0d-458c-847b-1fdfbe5e8a6a', '2025-12-25', 163, 93, true, '2026-01-24'),
('1d16aa87-e66f-407b-a701-4e3d161867c3', '45e30c8a-30a2-4aca-8215-aa5a040e9dd3', '2026-01-27', 125, 87, true, '2026-02-26'),
('c78966a7-fa2a-45c0-aba3-3125bd21752b', 'c5508e44-892e-4a33-8475-e251af97c7a8', '2025-08-17', 127, 96, false, '2025-09-16'),
('3ec668cf-75a3-4b37-84cb-8541b68eeae1', '071b4224-303a-4485-9fd8-ac60e8c4714d', '2025-08-29', 158, 97, true, '2025-09-28'),
('91a1355b-1c86-44ab-ad37-8dbaa4510641', '5ae68ba2-9f29-4b9a-9293-4676dcde4714', '2026-03-26', 151, 85, false, '2026-04-25'),
('f912b50f-edd0-4ebd-9dea-184c4ff4e342', '456c754c-7f95-4378-ab6c-35faca2394a6', '2025-09-12', 156, 99, true, '2025-10-12'),
('3e9c11f3-aa89-4f5f-889b-3c89a60324f8', 'db0fc73b-27e6-47d4-8688-bde909a84067', '2025-08-14', 142, 82, true, '2025-09-13'),
('d0b687b4-db7d-4fad-946a-2ed36c807b1d', '9a227b10-f136-4a5b-99b0-1888f058dbea', '2025-09-12', 145, 94, true, '2025-10-12'),
('eedbf2f2-fcce-43ad-942d-ccbdaa758bc4', '4215f6b5-eb96-4040-b481-43cfbd33600f', '2025-10-16', 133, 94, true, '2025-11-15'),
('e3df7755-cd21-4613-bc75-12b32b6ed1ba', 'd73a8864-81d6-4212-b22a-10252f398249', '2025-08-25', 165, 90, true, '2025-09-24'),
('05681b5d-e6be-4ec6-a050-bad037501c4c', '5345fc02-cf12-441d-9af4-8a3969ecc342', '2026-02-14', 134, 95, true, '2026-03-16'),
('9c376fb7-f688-4c5f-9f30-33296a1ffc27', '1a5f4160-ef9a-42c8-8717-e2617e904b1d', '2026-01-04', 164, 99, true, '2026-02-03'),
('d1939981-3032-4cf9-8290-f2637e4e7383', '9a5f0f3f-c09f-4845-a58e-cb8f9acd4466', '2026-05-10', 131, 85, true, '2026-06-09'),
('f94708e6-44fa-470d-aae3-cb1f3544a07d', '3d2d5421-b9d8-4a23-8089-4cd3e045625f', '2025-12-05', 169, 85, true, '2026-01-04'),
('cfec4348-cbe8-42f0-9342-454815651980', '6607713e-2e0d-458c-847b-1fdfbe5e8a6a', '2026-02-07', 140, 93, true, '2026-03-09'),
('01957cb5-f118-414c-a3fb-32ba6f1016c7', '3960235b-5c9f-49c6-81f5-9652815a1f7c', '2025-08-30', 125, 94, true, '2025-09-29'),
('7d027b84-d0ce-4f9e-bb6f-b87325bbef82', '12f0c57e-f563-47b7-850b-e52937377a42', '2025-09-28', 163, 87, false, '2025-10-28'),
('49ab08cc-4ec2-4b59-9b26-aabf5fcd0928', '94cba1b4-716d-4b17-9f46-74a56b780047', '2025-09-15', 168, 80, true, '2025-10-15'),
('c37e75cd-1041-427b-8bde-595b01e68318', '0c87ac0c-bbe1-4f69-9966-d9267bbe50c2', '2025-12-08', 158, 82, true, '2026-01-07'),
('c85b3175-e891-4b9d-983c-eec4696967ac', '8dfc0138-bf6b-4bb0-a9da-29695c685394', '2026-06-16', 147, 82, true, '2026-07-16'),
('c471a1c6-ab55-49d1-be77-dfcc0bcfecf2', 'db0fc73b-27e6-47d4-8688-bde909a84067', '2026-05-30', 128, 97, false, '2026-06-29'),
('b9a03a4a-e183-470e-a20a-f13a5fc23e1e', 'd607edd9-1c0e-4263-abe3-9cce33cc0d78', '2026-06-05', 156, 90, true, '2026-07-05'),
('5c9b2465-ee94-4a90-a1da-b6bce99f8336', '8d4566cd-d503-49be-859c-838d61d2dcdf', '2026-02-04', 151, 100, true, '2026-03-06'),
('632386b7-2576-42e1-8ee0-5d033127ae99', '8dfc0138-bf6b-4bb0-a9da-29695c685394', '2026-05-13', 155, 83, true, '2026-06-12'),
('79ecd57a-cb07-44d0-b617-84c9baef9d06', '9a5f0f3f-c09f-4845-a58e-cb8f9acd4466', '2026-07-08', 125, 93, true, '2026-08-07'),
('f3b6affa-4499-44d1-81d8-df094f06f51a', '825a6755-fe6b-4f45-864d-360d55563954', '2026-04-26', 122, 80, false, '2026-05-26'),
('477a237e-1892-4e6a-8e8f-c3473474c088', 'cca1bef3-e31f-4cd9-b7b6-ffedeb32089b', '2025-12-13', 137, 84, true, '2026-01-12'),
('8c6e12e5-28f3-4242-b019-d779ce220614', '09d967ca-e23e-4a90-a06d-addf3b725c7a', '2026-01-28', 135, 82, false, '2026-02-27'),
('c0b019e8-938c-4f8f-9d2c-8da8463bdf22', '0cbc31c1-4785-48f6-b99f-a553aca84510', '2026-02-24', 121, 97, true, '2026-03-26'),
('ccc836bb-1c4e-4ee8-b9ea-6ebd1a2a14cf', 'cfcffa2d-acb4-4e32-86e7-4d93f8f46aa6', '2026-05-13', 155, 90, true, '2026-06-12'),
('8d218807-e11c-48de-9a60-583003fa508e', '106bf7ec-a26d-4a4a-a6ae-395b5c0d4b9d', '2025-09-28', 134, 84, true, '2025-10-28'),
('f81868a5-450d-417e-a8d4-f563a779a4c7', '98b38826-11e6-4b89-8519-8e10527266c3', '2026-06-28', 156, 94, true, '2026-07-28'),
('517d35fc-3e3d-4797-aba9-6b28c9c5c6ff', '6607713e-2e0d-458c-847b-1fdfbe5e8a6a', '2025-08-21', 123, 81, false, '2025-09-20'),
('aa63ddb3-1505-4476-b5e4-03331a8116ba', '3bfbfa4f-6a94-44f9-8bcb-048beace2cd3', '2026-06-02', 165, 87, true, '2026-07-02'),
('d31bbe6b-a8fc-4fae-99f8-a5d611fce14c', '9a5f0f3f-c09f-4845-a58e-cb8f9acd4466', '2025-11-17', 128, 93, true, '2025-12-17'),
('c2dcf683-66da-45c7-b8bf-573c78729a48', 'db01b2fd-8dad-4479-90fa-e8974b31a971', '2026-01-27', 161, 85, true, '2026-02-26'),
('2a151ace-52c7-4609-96ef-ace32b38b0a3', 'aaca349c-c427-4c41-8c5f-295cccba42d1', '2026-06-02', 156, 86, true, '2026-07-02'),
('7a0eb4a3-4ccf-4715-a6ce-bc09feaea54a', '2c2c6775-0a18-4322-8673-b4121826ea9f', '2026-02-13', 147, 96, true, '2026-03-15'),
('359d5517-4b65-435f-ace7-d83a55fc4569', '3da69ed6-c36c-4d34-a2c0-7155854ac0be', '2025-10-16', 149, 85, false, '2025-11-15'),
('b5710964-43d3-4492-946a-93ef223bf1ca', '460e2ed8-9d55-43e7-aebc-716b09f1cdfd', '2025-12-12', 126, 99, true, '2026-01-11'),
('52308f3d-ed65-4f7e-ba8b-6e2ad23a1494', '53de5306-ddb5-47c0-87d5-44347d210f0d', '2026-06-15', 153, 93, false, '2026-07-15'),
('dcbd42b3-885b-4fb6-8d8f-5cb28812fdea', '687e7f1d-1ff2-4989-b7df-ed85e8a65c5d', '2025-12-31', 136, 93, true, '2026-01-30'),
('02bf7aba-d9b3-4a0d-aba5-b900ad3d2829', 'f2b06cbd-1ad7-4c5b-8a92-1160c588b408', '2026-02-02', 131, 97, true, '2026-03-04'),
('c14bb178-0205-40e6-927d-9b2258bb95ac', '1a5f4160-ef9a-42c8-8717-e2617e904b1d', '2025-12-22', 168, 82, true, '2026-01-21'),
('d4c3194e-ee89-400d-974b-abd3ce3bf1b7', '0cbc31c1-4785-48f6-b99f-a553aca84510', '2026-07-11', 162, 95, false, '2026-08-10'),
('6d0f994a-75ae-4bb2-b8a0-36f673936e6d', '9a227b10-f136-4a5b-99b0-1888f058dbea', '2025-12-14', 163, 93, true, '2026-01-13'),
('b07700fa-6fe9-491c-ba09-badbbb863aaa', '071b4224-303a-4485-9fd8-ac60e8c4714d', '2025-09-17', 131, 84, false, '2025-10-17'),
('b2d03b9e-99db-4a8d-93bb-c5dc5cbfa740', '952680ea-d9ec-45e9-99a9-6035dd28dcb3', '2026-03-18', 150, 97, false, '2026-04-17'),
('0108ff90-98e8-4a6a-861d-23929f96f5b9', '4d04cc4c-377b-400a-98cd-f931079dc58d', '2026-04-17', 124, 88, true, '2026-05-17'),
('d7e58979-d93b-42f1-9bda-73fd2a1c8436', 'f859f66a-9653-4289-800b-6b61a92c342b', '2026-03-08', 128, 82, false, '2026-04-07'),
('dc3439a1-191a-4fee-813c-31ae3eb12c31', 'd86f9c07-98a3-4993-b573-d70ec1b037a5', '2026-01-23', 147, 95, false, '2026-02-22'),
('2e752382-9fed-460e-8b40-a51bac2a95de', '4215f6b5-eb96-4040-b481-43cfbd33600f', '2025-07-23', 158, 85, true, '2025-08-22'),
('9d3f322a-c32e-4977-8566-6ea33593fe42', '59641e23-9857-4550-b50c-48971bc12284', '2025-10-16', 163, 87, false, '2025-11-15'),
('919bd6b8-3228-48ae-9f7b-ef0d4ef1661f', '4d04cc4c-377b-400a-98cd-f931079dc58d', '2025-08-08', 121, 82, true, '2025-09-07'),
('0f5d8850-98f3-455a-a457-24436f5a9cc6', 'ad8bd7ef-1d5f-48a7-abc4-8188e74b5f39', '2025-07-18', 170, 97, true, '2025-08-17'),
('da20df52-def3-43e6-a2d7-39c04c846324', 'dce4c731-3da6-4868-afe4-3a8524067720', '2025-09-16', 170, 95, false, '2025-10-16'),
('116a946d-6d5d-451c-9e1b-c0b4affadb95', 'f972bf50-396d-4960-adaa-e06b706be9d1', '2026-06-05', 125, 94, true, '2026-07-05'),
('558054e6-103a-4ca9-958c-714946b4b6d0', '1cf0e824-9a28-4aa5-9be1-ef4d4197cd77', '2025-12-18', 169, 87, false, '2026-01-17'),
('6e19033a-6a50-47f1-9a89-2863daa19f81', 'ed05e3d7-7a10-447d-aa05-e0885a0f7bf5', '2025-08-10', 148, 92, false, '2025-09-09'),
('2a301777-81e9-46e0-8c98-422313100845', '8f8181c3-0052-4ed5-a37b-b7ead5594615', '2026-03-04', 142, 95, true, '2026-04-03'),
('a91a2fc9-91da-4907-809b-a6d13d39bf8c', '3176e2dd-1ec8-431a-b1f1-11a2a82a2792', '2026-05-11', 159, 100, false, '2026-06-10'),
('5f2111cf-0d5c-417a-a9f8-6de522f73a7b', '98b38826-11e6-4b89-8519-8e10527266c3', '2026-06-25', 150, 80, true, '2026-07-25'),
('8904005b-20f8-4ad4-adc7-1920409e32f2', '4b1b8e7a-2a64-48a6-b075-2ba96628c620', '2026-03-26', 128, 93, false, '2026-04-25'),
('fba2bd89-e658-4a45-9cb1-d6089b71a115', '456c754c-7f95-4378-ab6c-35faca2394a6', '2026-01-17', 139, 86, false, '2026-02-16'),
('16a87435-4dc8-4156-80cb-a5cd2b9e670f', '2c2c6775-0a18-4322-8673-b4121826ea9f', '2025-10-16', 170, 87, false, '2025-11-15'),
('1e471463-6fb9-4f17-a565-173f1f65861d', '460e2ed8-9d55-43e7-aebc-716b09f1cdfd', '2026-01-20', 156, 85, true, '2026-02-19'),
('19a04257-1040-48ef-8fdf-d3401e95f35b', 'ff49dc6a-407b-4b88-a3f3-57ae245aad9f', '2026-05-25', 150, 85, true, '2026-06-24'),
('830d6edf-4a04-40ac-bddc-c51c3eecb218', '9a227b10-f136-4a5b-99b0-1888f058dbea', '2026-02-26', 141, 86, true, '2026-03-28'),
('4acc3e51-e2f9-40ef-9bfe-25cc658dd282', '83bbb8d4-be16-4f3d-8434-909f68e4c91c', '2025-12-06', 143, 81, false, '2026-01-05'),
('f1ac0ef1-660f-43f6-b9ab-bef28176f498', '3ad61718-e469-4060-9612-2efbf8ef87f9', '2026-05-17', 134, 81, true, '2026-06-16'),
('a1f137bc-686d-4056-bd9b-bb00a4594fea', '394f4380-624e-4c2b-b8c4-62589e277696', '2026-01-23', 163, 83, true, '2026-02-22'),
('7243500b-f6d3-4c0f-81a5-65f6aa5a1f75', 'd1087437-703c-45d8-a572-ae8d83caee11', '2025-11-05', 120, 87, true, '2025-12-05'),
('a6136bcb-ea5c-4064-9003-5fd182cfa8de', 'd86f9c07-98a3-4993-b573-d70ec1b037a5', '2026-01-08', 150, 97, true, '2026-02-07'),
('fd94c08b-33c9-4387-95fa-1c4d6d61184d', '687e7f1d-1ff2-4989-b7df-ed85e8a65c5d', '2026-04-01', 160, 94, false, '2026-05-01'),
('897493e7-f066-46c3-890c-985d371c544a', 'e51436b9-d0fa-4bd9-964b-7b598fa93371', '2025-09-10', 157, 94, false, '2025-10-10'),
('99233456-eb7e-403d-82b3-a9059c61c8ef', 'b3d44723-b6dc-4024-8e78-8ba40541842a', '2025-11-28', 130, 96, true, '2025-12-28'),
('c5e47440-6014-428b-9ad3-51f215a68499', '4215f6b5-eb96-4040-b481-43cfbd33600f', '2025-12-09', 155, 98, true, '2026-01-08'),
('ab80e45e-fdf3-4159-a59b-9034ea439040', '0406d372-7e6b-406a-accb-5f16161efcb2', '2026-02-17', 153, 95, false, '2026-03-19'),
('4889acc1-67a4-411c-9d95-4cea4570b963', '94cba1b4-716d-4b17-9f46-74a56b780047', '2025-09-29', 132, 96, true, '2025-10-29'),
('ea35ddea-ade2-4774-944f-da7486e43f34', '83bbb8d4-be16-4f3d-8434-909f68e4c91c', '2025-12-12', 121, 98, true, '2026-01-11'),
('3c878f35-6dc1-44cb-a370-b05f4f1718db', '456c754c-7f95-4378-ab6c-35faca2394a6', '2026-02-12', 147, 84, false, '2026-03-14'),
('ff67ee34-696d-4eb5-bfe9-0f5524ee22f3', '91a678ec-72f9-49d3-899c-f323db735818', '2026-02-09', 122, 88, true, '2026-03-11'),
('be03b94a-bc38-49d6-beed-88f67f32698a', 'fae958b2-78ea-45aa-b371-3091a71bc04c', '2026-02-13', 136, 86, true, '2026-03-15'),
('86fcdb39-ef0a-4611-92fd-3432712c7873', '83bbb8d4-be16-4f3d-8434-909f68e4c91c', '2025-10-02', 126, 91, true, '2025-11-01'),
('ec0b0d6e-2e56-440d-9368-6147168ce27d', '2c2c6775-0a18-4322-8673-b4121826ea9f', '2025-11-04', 143, 97, true, '2025-12-04'),
('92c2719d-09cf-4cf1-8285-dacf5c2a1d0f', '12f0c57e-f563-47b7-850b-e52937377a42', '2025-11-16', 128, 97, false, '2025-12-16'),
('c960d046-ce08-42fa-8a4f-3b26a3c47675', '93163e2f-c260-47cc-9156-a9c594aad47b', '2025-08-13', 157, 96, true, '2025-09-12'),
('7da4cc74-6a09-4bdb-adf7-8bbf97d04bd8', '2c2c6775-0a18-4322-8673-b4121826ea9f', '2025-07-27', 159, 91, true, '2025-08-26'),
('bc6bc011-8ba7-4797-991c-304614b8cb03', 'ca51b9f9-ba81-4dbe-88b1-4b286b737657', '2025-07-25', 156, 92, false, '2025-08-24'),
('2adb526d-bb99-4e73-b970-4c7df4f4c0a8', '89be5aef-6965-46ab-a639-075461b1a8f9', '2026-01-22', 129, 98, true, '2026-02-21'),
('53e75575-c152-40af-b43b-f18f39da14ac', '93163e2f-c260-47cc-9156-a9c594aad47b', '2026-03-13', 143, 89, false, '2026-04-12'),
('74541841-133c-46b7-9c17-53d588bb2ea2', 'cc459735-1dbc-4357-bcf5-d7ce46c52b1c', '2026-02-10', 165, 89, true, '2026-03-12'),
('7a62a1ee-3d1c-4da8-9ffb-38614c670af1', 'b3a829d2-33da-4d7f-a804-110693099718', '2026-02-19', 165, 94, true, '2026-03-21'),
('a37bb66a-b375-4ad1-8cc8-0a6259d20d00', '1cf0e824-9a28-4aa5-9be1-ef4d4197cd77', '2025-07-24', 146, 82, true, '2025-08-23'),
('ebbed8bc-554b-4416-88f1-cdb87c1ae499', '09d967ca-e23e-4a90-a06d-addf3b725c7a', '2026-06-24', 159, 85, true, '2026-07-24'),
('b74287ac-0622-4d73-87b3-4c4c770190c5', '3960235b-5c9f-49c6-81f5-9652815a1f7c', '2026-05-13', 160, 90, true, '2026-06-12'),
('abcc1f22-8f49-48d9-8b19-71284131ca1f', '89be5aef-6965-46ab-a639-075461b1a8f9', '2026-05-16', 152, 81, true, '2026-06-15'),
('b9a9fd30-f1ba-4665-8438-9d3adc0d44fb', 'aaca349c-c427-4c41-8c5f-295cccba42d1', '2025-10-11', 124, 96, false, '2025-11-10'),
('e303267b-5ccd-4ec2-bbd5-7806e37c1544', '94cba1b4-716d-4b17-9f46-74a56b780047', '2026-04-20', 159, 96, true, '2026-05-20'),
('af52cce0-d793-4da1-8ba6-16cff6161189', '476f50f4-eca6-4b02-a9d2-3be0cb97239e', '2025-07-18', 121, 99, true, '2025-08-17'),
('73c078d3-74f0-4fdc-ab4f-030370db95e1', '83bbb8d4-be16-4f3d-8434-909f68e4c91c', '2026-04-10', 156, 80, true, '2026-05-10'),
('55421530-0961-4a96-86ff-f65c24a1650b', 'd1eed35c-d86d-41d4-b51c-efc8984900c9', '2026-07-08', 128, 84, false, '2026-08-07'),
('4e2361e0-d5b1-4ea5-a325-56e0d512409a', '063fa0bc-8c26-48b3-a173-0f5d640496ae', '2026-03-21', 165, 99, false, '2026-04-20'),
('c2c1c5f5-513f-4c39-85c7-ce822e9be237', '1b9799ec-41a8-4499-829a-afd228d5691b', '2026-06-22', 125, 80, false, '2026-07-22'),
('74840844-798e-4f95-bb12-989ca40f78da', 'cca1bef3-e31f-4cd9-b7b6-ffedeb32089b', '2026-03-10', 129, 82, false, '2026-04-09'),
('ce53eb37-18b4-45e3-b9b7-2e29bb82fb8d', '1233d7f3-65cf-479d-bce0-3a38b424ed24', '2025-09-17', 125, 86, false, '2025-10-17'),
('cda1df5a-757d-4d61-8cde-6427d7270ec5', 'f2b06cbd-1ad7-4c5b-8a92-1160c588b408', '2026-05-29', 135, 85, true, '2026-06-28'),
('dfa4b878-9aeb-495f-88c4-ebf3b242ea6a', 'e51436b9-d0fa-4bd9-964b-7b598fa93371', '2025-11-01', 140, 88, false, '2025-12-01'),
('d847776f-ddba-4503-bd5d-2de70b444834', 'f17c36cd-59bc-4339-89ae-5ed0e01610ef', '2026-05-23', 159, 94, true, '2026-06-22'),
('fb82b4bd-6670-4949-ab33-d097015962a5', 'ad8bd7ef-1d5f-48a7-abc4-8188e74b5f39', '2025-07-29', 166, 84, true, '2025-08-28'),
('d3f3cfd7-b2e9-4c67-8559-e59c2c352a39', 'f59df45e-4d3e-4ca6-a610-f52299e4edd6', '2025-12-27', 124, 94, false, '2026-01-26'),
('8b170fbd-513d-47fc-8659-55a7962b51e2', '952680ea-d9ec-45e9-99a9-6035dd28dcb3', '2026-05-20', 169, 94, true, '2026-06-19'),
('593c5cd0-4a7d-4a65-9d08-44fb8837d539', '047c6151-6986-4d85-8709-7ba14a2f0141', '2025-09-17', 134, 98, false, '2025-10-17'),
('7da67c84-cdb8-47f6-8f03-6a65be1492df', '5ae68ba2-9f29-4b9a-9293-4676dcde4714', '2025-10-16', 133, 93, true, '2025-11-15'),
('4ac972e4-0932-4397-bb0e-da7f2714ec6a', '0cbc31c1-4785-48f6-b99f-a553aca84510', '2025-08-25', 146, 93, false, '2025-09-24'),
('e94d0f1b-5181-4ee1-b38b-7ac56319d9bf', '79afbc90-f79d-48ff-83ec-34443b926e17', '2026-01-19', 142, 92, true, '2026-02-18'),
('08d4a374-11b5-4ea3-bf17-dede1fba7e1f', 'ca51b9f9-ba81-4dbe-88b1-4b286b737657', '2026-07-07', 139, 99, false, '2026-08-06'),
('01717761-eba0-44a7-a6f4-a32a424d5268', '9a5f0f3f-c09f-4845-a58e-cb8f9acd4466', '2026-04-25', 135, 80, true, '2026-05-25'),
('6fefaf41-19f6-4777-a5e8-585fc95241a3', '063fa0bc-8c26-48b3-a173-0f5d640496ae', '2025-10-16', 160, 90, true, '2025-11-15'),
('586a67f7-b3a2-40fc-99c9-260f26083650', 'cca1bef3-e31f-4cd9-b7b6-ffedeb32089b', '2025-12-16', 170, 82, true, '2026-01-15'),
('9aed7f4a-1f0c-4e43-99b1-658ee3e7d95e', '5d0d058f-a5d9-4d69-834a-d2db66fd0458', '2025-10-26', 164, 99, true, '2025-11-25'),
('fd358cdd-3547-47c2-b538-5048e54adc6c', '047c6151-6986-4d85-8709-7ba14a2f0141', '2026-05-21', 150, 98, true, '2026-06-20'),
('c9a08afe-35ec-4f5f-8013-5215dec0c842', 'fae958b2-78ea-45aa-b371-3091a71bc04c', '2026-03-06', 122, 80, true, '2026-04-05'),
('c35adcc5-4ef1-4eea-9ca9-63e23241ac8a', 'ff49dc6a-407b-4b88-a3f3-57ae245aad9f', '2026-04-16', 164, 96, true, '2026-05-16'),
('eb30c877-b8fc-4699-94d7-ae2d52da054b', '12245c84-ee08-4b6d-878a-18f74a8a669f', '2026-06-12', 126, 95, false, '2026-07-12'),
('393e7de1-760c-4808-a5a0-2a01b83993a5', 'b3d44723-b6dc-4024-8e78-8ba40541842a', '2026-03-21', 140, 87, true, '2026-04-20'),
('7f1cf572-93be-4cea-9ecd-d591d4eacfa9', '1b9799ec-41a8-4499-829a-afd228d5691b', '2025-12-11', 133, 90, true, '2026-01-10'),
('02fee798-2f2f-46c5-8e57-0f05921d3a0c', '7a349ae3-6e06-4b50-8522-19fb61723593', '2026-05-10', 131, 93, false, '2026-06-09'),
('238bde88-7c92-4dc0-89d7-7ef79145164a', '4df19e2c-ecb0-4d23-8eb6-56564cb8d00b', '2026-02-23', 167, 97, true, '2026-03-25'),
('e3452d2e-9b1a-4288-bc6b-86d5cb055fc2', 'c9b499d9-20d7-45a2-8a1c-069b9f494647', '2025-09-01', 163, 94, false, '2025-10-01'),
('f7f12d4b-e7c5-4b84-9b8b-8dc99f5587d3', '34f07188-8bcc-4f4e-b9db-505ac8d6639d', '2026-06-01', 146, 84, false, '2026-07-01');

-- ─── RISK SCORES (120) ───────────────────────────────────────────────────────────────
INSERT INTO risk_scores (id, patient_id, disease_type, score, risk_level, ai_reason, suggested_action) VALUES
('d5aff84f-afac-4ec3-ac25-b87d82d45935', 'aaca349c-c427-4c41-8c5f-295cccba42d1', 'hypertension', 36, 'medium', 'Patient history indicates medium drop-out risk.', 'Phone reminder'),
('38288046-4b3b-46b5-898d-3c4acbc64d03', '29468ba0-b34d-4d59-8431-1b82f9bcadce', 'hypertension', 55, 'medium', 'Patient history indicates medium drop-out risk.', 'Phone reminder'),
('b85ef942-aa11-4845-9734-e93879c74457', 'f859f66a-9653-4289-800b-6b61a92c342b', 'hypertension', 78, 'high', 'Patient history indicates high drop-out risk.', 'Immediate CHW home visit'),
('ffe42ef0-80a1-4113-859e-703bf8f23c23', '3ad61718-e469-4060-9612-2efbf8ef87f9', 'hypertension', 59, 'medium', 'Patient history indicates medium drop-out risk.', 'Phone reminder'),
('c695424a-caa8-4389-9b6a-2c7333b14bdb', '5345fc02-cf12-441d-9af4-8a3969ecc342', 'hypertension', 85, 'high', 'Patient history indicates high drop-out risk.', 'Immediate CHW home visit'),
('87912a5f-684c-4885-873d-b5a94bfcf294', 'fd77ab31-6145-4009-b824-94b1b578da6e', 'hypertension', 30, 'low', 'Patient history indicates low drop-out risk.', 'Continue routine follow-up'),
('e1d5315c-c1cf-4739-a298-f9f6b4563958', '8f8181c3-0052-4ed5-a37b-b7ead5594615', 'hypertension', 78, 'high', 'Patient history indicates high drop-out risk.', 'Immediate CHW home visit'),
('955d62ca-15b5-4ea9-b3e8-600f202a1bac', '3960235b-5c9f-49c6-81f5-9652815a1f7c', 'hypertension', 30, 'low', 'Patient history indicates low drop-out risk.', 'Continue routine follow-up'),
('fbb39df1-a564-4414-9af7-87b7ee1d5592', '1b9799ec-41a8-4499-829a-afd228d5691b', 'hypertension', 95, 'high', 'Patient history indicates high drop-out risk.', 'Immediate CHW home visit'),
('8751fc9b-4ff6-4bd2-be04-4fdd300ff24b', 'e6876c3f-e988-435c-82a2-e1505d74aaa3', 'hypertension', 85, 'high', 'Patient history indicates high drop-out risk.', 'Immediate CHW home visit'),
('8db09037-3b36-4e59-805a-5518ad25e4ae', '456c754c-7f95-4378-ab6c-35faca2394a6', 'hypertension', 16, 'low', 'Patient history indicates low drop-out risk.', 'Continue routine follow-up'),
('e8f23b03-9de5-4002-80d5-d0de11a80c0c', 'cf3f0139-0cb0-418d-9ecf-bf46f833d9b5', 'hypertension', 24, 'low', 'Patient history indicates low drop-out risk.', 'Continue routine follow-up'),
('e82d5309-871b-4b17-adfe-8d48f3fb01db', '1a5f4160-ef9a-42c8-8717-e2617e904b1d', 'hypertension', 28, 'low', 'Patient history indicates low drop-out risk.', 'Continue routine follow-up'),
('9e5dcbe5-a26e-4f72-b97a-167e57fd8bd3', '34f07188-8bcc-4f4e-b9db-505ac8d6639d', 'hypertension', 41, 'medium', 'Patient history indicates medium drop-out risk.', 'Phone reminder'),
('ee264a42-7c29-4be5-acda-02a5e625e778', '79afbc90-f79d-48ff-83ec-34443b926e17', 'hypertension', 80, 'high', 'Patient history indicates high drop-out risk.', 'Immediate CHW home visit'),
('809f9b06-91e4-4b61-a296-ee5e4560a3dd', '8620e56f-f11f-476b-85c3-50b4346f3c4a', 'hypertension', 47, 'medium', 'Patient history indicates medium drop-out risk.', 'Phone reminder'),
('3671066c-1da9-47ba-b49d-23136862dfcd', '89be5aef-6965-46ab-a639-075461b1a8f9', 'hypertension', 34, 'medium', 'Patient history indicates medium drop-out risk.', 'Phone reminder'),
('31ce7027-0f71-4b54-afc7-031a1d43bd6b', '952680ea-d9ec-45e9-99a9-6035dd28dcb3', 'hypertension', 75, 'high', 'Patient history indicates high drop-out risk.', 'Immediate CHW home visit'),
('5fbf19da-0c74-40dd-853c-be67b0abf344', 'cea25cce-daf9-49f9-96e6-3ee1b9a597fc', 'hypertension', 61, 'medium', 'Patient history indicates medium drop-out risk.', 'Phone reminder'),
('4364e15a-ab91-4799-ab80-a8f0140df825', 'e36a8efc-997e-40c7-9d52-d73ba3de0c15', 'hypertension', 71, 'high', 'Patient history indicates high drop-out risk.', 'Immediate CHW home visit'),
('ca0680d1-5562-4907-b434-2447743a0d19', 'a24eeb16-db10-4607-88ef-0ef7023a25c8', 'hypertension', 23, 'low', 'Patient history indicates low drop-out risk.', 'Continue routine follow-up'),
('361b5ada-3e8d-4816-b60c-6c4ec088f160', '7b7c01c3-4b4b-4432-ad7f-941fd33c7e74', 'hypertension', 62, 'medium', 'Patient history indicates medium drop-out risk.', 'Phone reminder'),
('33a182fa-9977-41a2-b4eb-f3e9f6acae8b', 'cc459735-1dbc-4357-bcf5-d7ce46c52b1c', 'hypertension', 55, 'medium', 'Patient history indicates medium drop-out risk.', 'Phone reminder'),
('0eadb309-c07e-4abc-92dd-796508c20578', '76a5dda1-47f3-4371-87b8-a795ba6ef80b', 'hypertension', 86, 'high', 'Patient history indicates high drop-out risk.', 'Immediate CHW home visit'),
('f86bebcf-eeda-4b29-8492-f32cf44ec059', 'd73a8864-81d6-4212-b22a-10252f398249', 'hypertension', 19, 'low', 'Patient history indicates low drop-out risk.', 'Continue routine follow-up'),
('7bcfe6ec-aaa1-4a2b-b121-ee9b9dd99588', '45e30c8a-30a2-4aca-8215-aa5a040e9dd3', 'hypertension', 54, 'medium', 'Patient history indicates medium drop-out risk.', 'Phone reminder'),
('3facf549-9883-448f-a8a0-322febf83157', 'db01b2fd-8dad-4479-90fa-e8974b31a971', 'hypertension', 65, 'medium', 'Patient history indicates medium drop-out risk.', 'Phone reminder'),
('2e6a1a92-5bd8-47ef-8daf-fc73503c77b0', 'fae958b2-78ea-45aa-b371-3091a71bc04c', 'hypertension', 29, 'low', 'Patient history indicates low drop-out risk.', 'Continue routine follow-up'),
('bb01e41f-1095-4af5-a001-d819ad34a85c', 'a30407a4-4ddf-46fc-9947-f15cd3d9b7e0', 'hypertension', 68, 'high', 'Patient history indicates high drop-out risk.', 'Immediate CHW home visit'),
('173d9b58-7f65-4531-a33b-085817836927', 'bb6ddd61-9369-4111-a3e9-e516e27ef906', 'hypertension', 20, 'low', 'Patient history indicates low drop-out risk.', 'Continue routine follow-up'),
('7e886a05-ae5c-4e73-807a-b17c24941e6f', '6ce2fa9d-0e26-45d4-9900-81d18ec07ef9', 'hypertension', 37, 'medium', 'Patient history indicates medium drop-out risk.', 'Phone reminder'),
('f638e6ba-6076-4648-a4aa-501a8a0f13d3', '0406d372-7e6b-406a-accb-5f16161efcb2', 'hypertension', 13, 'low', 'Patient history indicates low drop-out risk.', 'Continue routine follow-up'),
('2eed8a33-fc8e-42af-8eb2-203e13c6b80c', '4183e16a-4772-4efa-9208-f9e41766e186', 'hypertension', 69, 'high', 'Patient history indicates high drop-out risk.', 'Immediate CHW home visit'),
('8fa27245-09a7-4ea2-9893-b2894a05fef7', 'ca51b9f9-ba81-4dbe-88b1-4b286b737657', 'hypertension', 57, 'medium', 'Patient history indicates medium drop-out risk.', 'Phone reminder'),
('eab4f8bf-9dae-4c49-8beb-b75d235f1d7f', 'f2b06cbd-1ad7-4c5b-8a92-1160c588b408', 'hypertension', 89, 'high', 'Patient history indicates high drop-out risk.', 'Immediate CHW home visit'),
('2d1b0923-6791-4f45-829d-fc61185c06de', 'fe1db5de-0a25-4dad-871a-1de09a0d40fa', 'hypertension', 92, 'high', 'Patient history indicates high drop-out risk.', 'Immediate CHW home visit'),
('facc854f-518d-425b-bc4c-c722707a4f97', '0cbc31c1-4785-48f6-b99f-a553aca84510', 'hypertension', 55, 'medium', 'Patient history indicates medium drop-out risk.', 'Phone reminder'),
('49422f10-6fb1-4eec-8065-1b05e3eb8b7c', '48281f96-e736-493e-a00d-ee20207c4bd1', 'hypertension', 71, 'high', 'Patient history indicates high drop-out risk.', 'Immediate CHW home visit'),
('743ffdb5-0946-48ae-baa2-fdd123de75f0', 'cefcb606-7b1b-41f6-ba93-9d83a07c80fb', 'hypertension', 27, 'low', 'Patient history indicates low drop-out risk.', 'Continue routine follow-up'),
('77854cde-ad7a-4467-8443-69513ca89f77', '53de5306-ddb5-47c0-87d5-44347d210f0d', 'hypertension', 89, 'high', 'Patient history indicates high drop-out risk.', 'Immediate CHW home visit'),
('f6514bab-6db3-4b7c-a0b4-438f4c3d31ec', 'dce4c731-3da6-4868-afe4-3a8524067720', 'hypertension', 13, 'low', 'Patient history indicates low drop-out risk.', 'Continue routine follow-up'),
('57a8afc3-e4b6-4396-83b9-9b925f52a2a6', 'cca1bef3-e31f-4cd9-b7b6-ffedeb32089b', 'hypertension', 55, 'medium', 'Patient history indicates medium drop-out risk.', 'Phone reminder'),
('00625607-85e6-4011-ad95-dd3e4619194d', 'b3a829d2-33da-4d7f-a804-110693099718', 'hypertension', 20, 'low', 'Patient history indicates low drop-out risk.', 'Continue routine follow-up'),
('ea8ddda1-c303-4d4b-9b4c-a879716cdf80', 'a121f5ae-3e04-482d-b25b-5519480c440b', 'hypertension', 18, 'low', 'Patient history indicates low drop-out risk.', 'Continue routine follow-up'),
('e49fb2f9-5573-4317-9034-c37b9809175d', '823c1e13-dcb0-41c9-8988-e97dec27b23c', 'hypertension', 28, 'low', 'Patient history indicates low drop-out risk.', 'Continue routine follow-up'),
('d2eb6484-114b-42e9-b96c-cf456c22fefb', '576098cc-6b3a-4eb9-a9f9-1a2eabe83456', 'hypertension', 68, 'high', 'Patient history indicates high drop-out risk.', 'Immediate CHW home visit'),
('2fce95d3-9b12-48fa-a14c-8e8d9ab29bc1', '5d0d058f-a5d9-4d69-834a-d2db66fd0458', 'hypertension', 73, 'high', 'Patient history indicates high drop-out risk.', 'Immediate CHW home visit'),
('65c17a8c-88bc-4d8d-9426-37e3e02df260', 'd1eed35c-d86d-41d4-b51c-efc8984900c9', 'hypertension', 21, 'low', 'Patient history indicates low drop-out risk.', 'Continue routine follow-up'),
('12c797d5-1bca-4f69-bf15-3ecc25c7c2b4', '94cba1b4-716d-4b17-9f46-74a56b780047', 'hypertension', 45, 'medium', 'Patient history indicates medium drop-out risk.', 'Phone reminder'),
('1c97592b-aa0e-4725-a8ed-8b012c82b12e', '999b2e38-1a88-44f5-9199-6ffe68a5ec04', 'hypertension', 13, 'low', 'Patient history indicates low drop-out risk.', 'Continue routine follow-up'),
('8a5fef5b-72cc-4b55-a00f-a08849042c95', '687e7f1d-1ff2-4989-b7df-ed85e8a65c5d', 'hypertension', 33, 'low', 'Patient history indicates low drop-out risk.', 'Continue routine follow-up'),
('14fb726a-b85d-4d35-8051-f761014d5a09', 'c2378af7-6a5a-4d7b-a44c-ebeecbfc97ca', 'hypertension', 92, 'high', 'Patient history indicates high drop-out risk.', 'Immediate CHW home visit'),
('be81cfe0-5207-4b56-9ce5-82edd16c17bd', '1cf0e824-9a28-4aa5-9be1-ef4d4197cd77', 'hypertension', 34, 'medium', 'Patient history indicates medium drop-out risk.', 'Phone reminder'),
('253867a6-0853-4a5e-9de0-e14d6a37b0ef', '8dfc0138-bf6b-4bb0-a9da-29695c685394', 'hypertension', 81, 'high', 'Patient history indicates high drop-out risk.', 'Immediate CHW home visit'),
('825713dc-dc98-451d-a289-d2e99fdbd4be', '3d2d5421-b9d8-4a23-8089-4cd3e045625f', 'hypertension', 19, 'low', 'Patient history indicates low drop-out risk.', 'Continue routine follow-up'),
('a7db58bb-6589-470b-a911-0592048b6002', '8833c0da-e6e4-47dc-91a2-d4e98ac8c8c3', 'hypertension', 56, 'medium', 'Patient history indicates medium drop-out risk.', 'Phone reminder'),
('6534feb7-51e9-49ea-a46e-3bcc021dab47', 'db0fc73b-27e6-47d4-8688-bde909a84067', 'hypertension', 59, 'medium', 'Patient history indicates medium drop-out risk.', 'Phone reminder'),
('04a8f3fd-7323-4a5a-ac12-5c6396e2ee4d', '7a349ae3-6e06-4b50-8522-19fb61723593', 'hypertension', 41, 'medium', 'Patient history indicates medium drop-out risk.', 'Phone reminder'),
('dcb6948f-8427-457a-886d-d8c830dd916a', 'd86f9c07-98a3-4993-b573-d70ec1b037a5', 'hypertension', 65, 'medium', 'Patient history indicates medium drop-out risk.', 'Phone reminder'),
('539e7707-29e5-4f77-8f3b-352fd9549186', '83bbb8d4-be16-4f3d-8434-909f68e4c91c', 'hypertension', 59, 'medium', 'Patient history indicates medium drop-out risk.', 'Phone reminder'),
('4c6b2cdb-8ce6-44df-8dd9-fe6177d83f55', '5759bd98-085a-472c-a3ca-c0b0dcd5e580', 'hypertension', 45, 'medium', 'Patient history indicates medium drop-out risk.', 'Phone reminder'),
('eedf4d12-6ab1-4b12-8bbd-f3a4b0b80be8', '91cb40f2-8945-4e19-aaeb-a0903cc9f10b', 'hypertension', 57, 'medium', 'Patient history indicates medium drop-out risk.', 'Phone reminder'),
('bfce3736-c5ef-44f9-abb7-9518ed92ddb2', '3bfbfa4f-6a94-44f9-8bcb-048beace2cd3', 'hypertension', 52, 'medium', 'Patient history indicates medium drop-out risk.', 'Phone reminder'),
('c5d20361-9326-430a-a00f-533a7b09481c', '9a5f0f3f-c09f-4845-a58e-cb8f9acd4466', 'hypertension', 63, 'medium', 'Patient history indicates medium drop-out risk.', 'Phone reminder'),
('0da2976d-f8c8-4eb9-a631-44f89e8f042f', '8d4566cd-d503-49be-859c-838d61d2dcdf', 'hypertension', 51, 'medium', 'Patient history indicates medium drop-out risk.', 'Phone reminder'),
('db5cabc8-b470-4b3a-9ed4-5cb97aa68b9f', '106bf7ec-a26d-4a4a-a6ae-395b5c0d4b9d', 'hypertension', 12, 'low', 'Patient history indicates low drop-out risk.', 'Continue routine follow-up'),
('19a53f7a-b8be-4a1f-a761-0d85ea62ef89', 'c9b499d9-20d7-45a2-8a1c-069b9f494647', 'hypertension', 57, 'medium', 'Patient history indicates medium drop-out risk.', 'Phone reminder'),
('6ceb0208-c31d-4574-92eb-64c59b8bbac9', '538113de-0a9a-4de7-bfa5-f99ffc8fbe6d', 'hypertension', 47, 'medium', 'Patient history indicates medium drop-out risk.', 'Phone reminder'),
('3bd7f4ba-fee3-469f-8fd9-36e8a514796b', '4d04cc4c-377b-400a-98cd-f931079dc58d', 'hypertension', 17, 'low', 'Patient history indicates low drop-out risk.', 'Continue routine follow-up'),
('5d5a0012-2664-4d91-9a64-a0f178ed2c78', '4b1b8e7a-2a64-48a6-b075-2ba96628c620', 'hypertension', 68, 'high', 'Patient history indicates high drop-out risk.', 'Immediate CHW home visit'),
('9f2d2701-bd02-4e35-ba4e-7297d592ee4b', '9a227b10-f136-4a5b-99b0-1888f058dbea', 'hypertension', 34, 'medium', 'Patient history indicates medium drop-out risk.', 'Phone reminder'),
('731e51fb-6581-41e8-b820-192ef2db5c98', '98b38826-11e6-4b89-8519-8e10527266c3', 'hypertension', 79, 'high', 'Patient history indicates high drop-out risk.', 'Immediate CHW home visit'),
('805ab1a5-b56e-4553-8223-634f4a895c5d', '93163e2f-c260-47cc-9156-a9c594aad47b', 'hypertension', 70, 'high', 'Patient history indicates high drop-out risk.', 'Immediate CHW home visit'),
('69c38f83-4d18-4747-97d2-fd855144578b', '3da69ed6-c36c-4d34-a2c0-7155854ac0be', 'hypertension', 38, 'medium', 'Patient history indicates medium drop-out risk.', 'Phone reminder'),
('830f9e0e-ed16-475b-aa9f-de7f175bee68', '91a678ec-72f9-49d3-899c-f323db735818', 'hypertension', 74, 'high', 'Patient history indicates high drop-out risk.', 'Immediate CHW home visit'),
('c6bad474-3c84-4c1c-ad92-4f4df15d4ad2', 'ad8bd7ef-1d5f-48a7-abc4-8188e74b5f39', 'hypertension', 37, 'medium', 'Patient history indicates medium drop-out risk.', 'Phone reminder'),
('11fc4e00-589b-4958-93bf-03f00763026c', '0c87ac0c-bbe1-4f69-9966-d9267bbe50c2', 'hypertension', 54, 'medium', 'Patient history indicates medium drop-out risk.', 'Phone reminder'),
('5045fe6e-d1fd-4818-949b-5dc289700ed9', 'cfcffa2d-acb4-4e32-86e7-4d93f8f46aa6', 'hypertension', 36, 'medium', 'Patient history indicates medium drop-out risk.', 'Phone reminder'),
('8ae123b0-a953-4b8a-b751-d1de0a75fa8d', '262a9991-c566-4cbe-a09b-c472421eadf3', 'hypertension', 13, 'low', 'Patient history indicates low drop-out risk.', 'Continue routine follow-up'),
('93702bec-05ff-48db-95c9-38c1c5902b47', 'caf9b3f3-1afc-49c5-a74a-3a247a6c61bd', 'hypertension', 75, 'high', 'Patient history indicates high drop-out risk.', 'Immediate CHW home visit'),
('5135f90c-9bb5-476a-9d6d-1f73c1545542', 'f972bf50-396d-4960-adaa-e06b706be9d1', 'hypertension', 78, 'high', 'Patient history indicates high drop-out risk.', 'Immediate CHW home visit'),
('6f493a88-a1ee-418e-90e9-4e48aee4773d', 'd607edd9-1c0e-4263-abe3-9cce33cc0d78', 'hypertension', 39, 'medium', 'Patient history indicates medium drop-out risk.', 'Phone reminder'),
('f68e9a70-2961-471c-8a11-4a7291e82671', '09d967ca-e23e-4a90-a06d-addf3b725c7a', 'hypertension', 88, 'high', 'Patient history indicates high drop-out risk.', 'Immediate CHW home visit'),
('4b82bc91-b642-4ff4-aaef-ccd74b81ef79', '047c6151-6986-4d85-8709-7ba14a2f0141', 'hypertension', 68, 'high', 'Patient history indicates high drop-out risk.', 'Immediate CHW home visit'),
('61e95faa-c75c-44a1-a976-82cc0377cd6d', '193abc3d-81b4-4e8e-8db1-2844a245e319', 'hypertension', 21, 'low', 'Patient history indicates low drop-out risk.', 'Continue routine follow-up'),
('f099e06e-e219-4b1e-8a1d-6f1e93fe7055', 'f59df45e-4d3e-4ca6-a610-f52299e4edd6', 'hypertension', 71, 'high', 'Patient history indicates high drop-out risk.', 'Immediate CHW home visit'),
('b0e3db84-31a0-4861-b255-9e62c7fbdb87', '0952ed2d-b0a2-4b1a-9e61-8ea1bd611f2d', 'hypertension', 86, 'high', 'Patient history indicates high drop-out risk.', 'Immediate CHW home visit'),
('4e4b00ee-f7ec-4274-8800-fc02a164ebe3', 'e55f3031-420b-457b-8ab7-bd7e3e1282f1', 'hypertension', 83, 'high', 'Patient history indicates high drop-out risk.', 'Immediate CHW home visit'),
('3356223b-c3a7-40af-892f-0ec58403c5bf', '2c2c6775-0a18-4322-8673-b4121826ea9f', 'hypertension', 22, 'low', 'Patient history indicates low drop-out risk.', 'Continue routine follow-up'),
('e0f36a6d-8d65-4638-9201-c96f0b5d191d', 'c8a43e2c-27b6-416b-a532-1f224b7ddbce', 'hypertension', 35, 'medium', 'Patient history indicates medium drop-out risk.', 'Phone reminder'),
('ce2e53d4-705a-4284-b070-1181182ea747', 'ff49dc6a-407b-4b88-a3f3-57ae245aad9f', 'hypertension', 59, 'medium', 'Patient history indicates medium drop-out risk.', 'Phone reminder'),
('62144f8d-b020-4b62-a26a-7387107760c3', '12f0c57e-f563-47b7-850b-e52937377a42', 'hypertension', 28, 'low', 'Patient history indicates low drop-out risk.', 'Continue routine follow-up'),
('9ad208c4-6640-4217-93d4-dfdb7deb62f4', 'e51436b9-d0fa-4bd9-964b-7b598fa93371', 'hypertension', 54, 'medium', 'Patient history indicates medium drop-out risk.', 'Phone reminder'),
('e0799697-46e4-4388-ae40-de589ea4375e', '3176e2dd-1ec8-431a-b1f1-11a2a82a2792', 'hypertension', 78, 'high', 'Patient history indicates high drop-out risk.', 'Immediate CHW home visit'),
('6d2ab411-4052-4059-a0be-6ba0f8aa337e', '394f4380-624e-4c2b-b8c4-62589e277696', 'hypertension', 51, 'medium', 'Patient history indicates medium drop-out risk.', 'Phone reminder'),
('2241d44f-28f6-4777-9ab8-4d12ac44606b', '4d7eb4c8-37f3-4d51-98d3-813262a7913b', 'hypertension', 89, 'high', 'Patient history indicates high drop-out risk.', 'Immediate CHW home visit'),
('eecbe435-1115-45c5-b872-604c43f7dc7d', 'c5508e44-892e-4a33-8475-e251af97c7a8', 'hypertension', 92, 'high', 'Patient history indicates high drop-out risk.', 'Immediate CHW home visit'),
('ea669d07-39b4-4e48-b4a2-e80cecf96aee', '5964fb3e-7f12-4d6a-b496-3fc9c4d8f7ab', 'hypertension', 20, 'low', 'Patient history indicates low drop-out risk.', 'Continue routine follow-up'),
('903f93dc-0e1a-4343-aed7-854816697bbf', 'b3d44723-b6dc-4024-8e78-8ba40541842a', 'hypertension', 70, 'high', 'Patient history indicates high drop-out risk.', 'Immediate CHW home visit'),
('cc006a2f-cc73-4679-94a9-73da2652bae8', '5ae68ba2-9f29-4b9a-9293-4676dcde4714', 'hypertension', 33, 'low', 'Patient history indicates low drop-out risk.', 'Continue routine follow-up'),
('6265c78d-3da4-42dc-9573-9fb913e3b0e1', '6607713e-2e0d-458c-847b-1fdfbe5e8a6a', 'hypertension', 13, 'low', 'Patient history indicates low drop-out risk.', 'Continue routine follow-up'),
('cc2bcd14-c961-452a-844c-ff671da82518', '04f0e1d1-985b-49f5-8641-4a98b44f356b', 'hypertension', 27, 'low', 'Patient history indicates low drop-out risk.', 'Continue routine follow-up'),
('e11d0279-d044-4106-aa4c-a503f7b91aa0', '5fc553f8-f908-437a-940b-4f47d9e00f77', 'hypertension', 66, 'medium', 'Patient history indicates medium drop-out risk.', 'Phone reminder'),
('664f08d4-362f-4805-b14e-98d3bd7bcdcd', '476f50f4-eca6-4b02-a9d2-3be0cb97239e', 'hypertension', 21, 'low', 'Patient history indicates low drop-out risk.', 'Continue routine follow-up'),
('5d674de6-3d5e-4464-b1cb-ca37c56f6cb5', 'd1087437-703c-45d8-a572-ae8d83caee11', 'hypertension', 37, 'medium', 'Patient history indicates medium drop-out risk.', 'Phone reminder'),
('b9c8c6fe-dd3b-42e9-ac68-8924c5dfa982', '063fa0bc-8c26-48b3-a173-0f5d640496ae', 'hypertension', 37, 'medium', 'Patient history indicates medium drop-out risk.', 'Phone reminder'),
('4226f1ff-23d5-47b4-be99-53b4eeecde38', '4215f6b5-eb96-4040-b481-43cfbd33600f', 'hypertension', 69, 'high', 'Patient history indicates high drop-out risk.', 'Immediate CHW home visit'),
('b771ea6d-c10f-453b-9a7d-359c7e34eb25', '825a6755-fe6b-4f45-864d-360d55563954', 'hypertension', 68, 'high', 'Patient history indicates high drop-out risk.', 'Immediate CHW home visit'),
('84f65ae5-35f5-4405-86db-ae5307879a8c', '4df19e2c-ecb0-4d23-8eb6-56564cb8d00b', 'hypertension', 22, 'low', 'Patient history indicates low drop-out risk.', 'Continue routine follow-up'),
('5a9beaef-e9ab-4540-9de3-4f83ecf00f3c', '460e2ed8-9d55-43e7-aebc-716b09f1cdfd', 'hypertension', 62, 'medium', 'Patient history indicates medium drop-out risk.', 'Phone reminder'),
('5c54fb4f-022f-4a20-bb5f-b38480a111fd', '1233d7f3-65cf-479d-bce0-3a38b424ed24', 'hypertension', 75, 'high', 'Patient history indicates high drop-out risk.', 'Immediate CHW home visit'),
('a4d928ac-243d-4c42-9e77-8e65932bf110', '12245c84-ee08-4b6d-878a-18f74a8a669f', 'hypertension', 31, 'low', 'Patient history indicates low drop-out risk.', 'Continue routine follow-up'),
('3a7c1f4a-fce9-4f29-96c2-08b5a16b8bdb', '3aa4b080-b847-4679-9010-1788812296e6', 'hypertension', 41, 'medium', 'Patient history indicates medium drop-out risk.', 'Phone reminder'),
('455b40f4-4855-4467-95ff-b27ea3eb8802', '8ac49cf9-66df-43ec-b921-849d2d16ae2d', 'hypertension', 71, 'high', 'Patient history indicates high drop-out risk.', 'Immediate CHW home visit'),
('6ec0e193-5bf7-455b-a177-55d46391a2cc', 'ed05e3d7-7a10-447d-aa05-e0885a0f7bf5', 'hypertension', 60, 'medium', 'Patient history indicates medium drop-out risk.', 'Phone reminder'),
('0f40cf02-230a-4314-b163-ac202bc73516', 'f17c36cd-59bc-4339-89ae-5ed0e01610ef', 'hypertension', 75, 'high', 'Patient history indicates high drop-out risk.', 'Immediate CHW home visit'),
('752f7137-0dd3-4e59-80fd-ff2986e4fd71', '59641e23-9857-4550-b50c-48971bc12284', 'hypertension', 80, 'high', 'Patient history indicates high drop-out risk.', 'Immediate CHW home visit'),
('d75483ea-efef-473d-9702-8c0aa84c1879', '25acf6a0-2bd4-43da-a93f-29cd742b238d', 'hypertension', 23, 'low', 'Patient history indicates low drop-out risk.', 'Continue routine follow-up'),
('d17bb4b3-bd31-4406-8e63-a4db769aa179', '4daca007-79e3-42b0-ae22-e7ad647240ee', 'hypertension', 31, 'low', 'Patient history indicates low drop-out risk.', 'Continue routine follow-up'),
('bd2b8bfb-900f-4d47-8f4c-e86a5688c1ea', '071b4224-303a-4485-9fd8-ac60e8c4714d', 'hypertension', 91, 'high', 'Patient history indicates high drop-out risk.', 'Immediate CHW home visit');

-- ─── REFERRALS (40) ──────────────────────────────────────────────────────────────────
INSERT INTO referrals (id, patient_id, created_date, urgency, status) VALUES
('2f198956-457c-4109-8d16-3fe4c8fdf36c', '91cb40f2-8945-4e19-aaeb-a0903cc9f10b', '2025-12-31', 'routine', 'no_show'),
('2e197e24-3576-4c0e-9ff8-9617c86cc57a', 'ad8bd7ef-1d5f-48a7-abc4-8188e74b5f39', '2026-06-29', 'emergency', 'no_show'),
('dcf33401-f084-437d-ba74-1018bdffab85', '45e30c8a-30a2-4aca-8215-aa5a040e9dd3', '2025-12-09', 'emergency', 'pending'),
('68ab6183-aeba-4797-a789-33788a671733', '34f07188-8bcc-4f4e-b9db-505ac8d6639d', '2025-12-28', 'urgent', 'pending'),
('1e991ce6-cb14-4992-b046-99fb2d772d90', '45e30c8a-30a2-4aca-8215-aa5a040e9dd3', '2025-11-25', 'routine', 'completed'),
('b6951350-92ba-482c-bace-6064af2a7914', 'db01b2fd-8dad-4479-90fa-e8974b31a971', '2026-04-12', 'emergency', 'completed'),
('1a80d963-5c29-4488-886d-6f3d9e7a79f7', 'cefcb606-7b1b-41f6-ba93-9d83a07c80fb', '2025-11-17', 'emergency', 'completed'),
('c70ea65e-8bba-4dbf-a04e-9bec258be9fa', '5345fc02-cf12-441d-9af4-8a3969ecc342', '2026-06-08', 'emergency', 'pending'),
('fdf968f1-c2cb-4802-b04f-7c369a8109fd', '4215f6b5-eb96-4040-b481-43cfbd33600f', '2025-07-23', 'urgent', 'completed'),
('4f2633db-b45f-4a8e-a317-96e29fd58f3c', '89be5aef-6965-46ab-a639-075461b1a8f9', '2026-04-16', 'emergency', 'completed'),
('9c2d32d8-3c8d-4bac-aa6b-5ba4ff167bac', 'f2b06cbd-1ad7-4c5b-8a92-1160c588b408', '2025-11-26', 'emergency', 'pending'),
('91ac0ada-2d48-474b-a475-7094fc40796b', 'cea25cce-daf9-49f9-96e6-3ee1b9a597fc', '2026-03-28', 'routine', 'completed'),
('3577547c-6594-4d5f-972f-ca4fa0d5b25d', 'c5508e44-892e-4a33-8475-e251af97c7a8', '2025-11-24', 'routine', 'pending'),
('8eff7e44-7347-4a8c-a7bf-48eca519006d', '0406d372-7e6b-406a-accb-5f16161efcb2', '2026-03-24', 'emergency', 'no_show'),
('0b3a4864-f4ca-4745-939f-0b95f7363110', '3176e2dd-1ec8-431a-b1f1-11a2a82a2792', '2025-10-24', 'urgent', 'pending'),
('c612d7d8-af8b-4b1f-abe3-ac556fb473f8', 'b3d44723-b6dc-4024-8e78-8ba40541842a', '2026-01-30', 'routine', 'completed'),
('f482b078-790a-46bd-8fab-e848e91872bb', 'fd77ab31-6145-4009-b824-94b1b578da6e', '2026-03-01', 'urgent', 'pending'),
('64ca5299-0ffd-466d-8368-9216b4073bf0', '34f07188-8bcc-4f4e-b9db-505ac8d6639d', '2025-10-06', 'routine', 'no_show'),
('aba3ca38-0fa5-48cb-9bb8-f4e5b7667799', 'c8a43e2c-27b6-416b-a532-1f224b7ddbce', '2025-12-11', 'urgent', 'pending'),
('cf9e17de-a2a6-4bb2-b7d8-fb66618a1eb8', '3d2d5421-b9d8-4a23-8089-4cd3e045625f', '2025-11-27', 'urgent', 'no_show'),
('22a3b702-2eab-4836-b6e4-3ce5790e8da9', '999b2e38-1a88-44f5-9199-6ffe68a5ec04', '2026-05-13', 'emergency', 'completed'),
('e723a389-a5fc-4f51-90ac-6a6559677b25', 'f59df45e-4d3e-4ca6-a610-f52299e4edd6', '2026-03-29', 'urgent', 'no_show'),
('bfb2e538-f41d-483c-beb2-14bd3420e389', '04f0e1d1-985b-49f5-8641-4a98b44f356b', '2026-02-01', 'urgent', 'no_show'),
('b18dfca8-d532-4d11-afac-cf03facbd3ff', '825a6755-fe6b-4f45-864d-360d55563954', '2025-09-15', 'emergency', 'pending'),
('dc15396e-17e0-40cf-a267-b331dda954fc', '0c87ac0c-bbe1-4f69-9966-d9267bbe50c2', '2026-03-30', 'routine', 'pending'),
('b933a777-58d5-4f15-b98b-8307f9b6baf4', '999b2e38-1a88-44f5-9199-6ffe68a5ec04', '2026-03-03', 'emergency', 'no_show'),
('277e9d04-5163-4d2c-8ac9-4012c5a53976', '5d0d058f-a5d9-4d69-834a-d2db66fd0458', '2026-04-18', 'urgent', 'no_show'),
('c0b0aa7b-faa2-4cae-b03b-0793c4c15157', '04f0e1d1-985b-49f5-8641-4a98b44f356b', '2026-04-11', 'routine', 'no_show'),
('f167cf7f-b4c9-46fa-ac59-f1d413095697', '1233d7f3-65cf-479d-bce0-3a38b424ed24', '2025-11-22', 'emergency', 'completed'),
('fdb3f633-ac55-4388-99a7-fc18c0304baa', '5fc553f8-f908-437a-940b-4f47d9e00f77', '2025-09-18', 'emergency', 'pending'),
('15fd4c34-4e48-47f4-8933-1a0afb602956', 'a121f5ae-3e04-482d-b25b-5519480c440b', '2026-03-04', 'urgent', 'pending'),
('d6b7d10e-2d43-498d-b955-3d80564dade7', 'ff49dc6a-407b-4b88-a3f3-57ae245aad9f', '2025-11-16', 'routine', 'pending'),
('b651d8ec-7771-4169-8bca-4f028303555e', 'ad8bd7ef-1d5f-48a7-abc4-8188e74b5f39', '2026-02-26', 'urgent', 'completed'),
('5d616aae-3e16-43d9-996b-45317c8c7a97', '063fa0bc-8c26-48b3-a173-0f5d640496ae', '2025-12-07', 'emergency', 'completed'),
('8eaf063d-3787-4fee-a09b-46057dcb023c', '94cba1b4-716d-4b17-9f46-74a56b780047', '2025-09-11', 'urgent', 'no_show'),
('208af320-825a-4d94-914c-f062dda919b5', '25acf6a0-2bd4-43da-a93f-29cd742b238d', '2025-09-10', 'routine', 'completed'),
('8696ea55-fdb0-49c0-bece-9116e4e39588', '3bfbfa4f-6a94-44f9-8bcb-048beace2cd3', '2026-04-29', 'routine', 'completed'),
('3a80e70e-400f-4c54-8045-d93fe1c690fc', '3176e2dd-1ec8-431a-b1f1-11a2a82a2792', '2025-10-15', 'emergency', 'completed'),
('60bf7d38-4707-40db-b56b-446cbade9f00', '825a6755-fe6b-4f45-864d-360d55563954', '2026-01-01', 'emergency', 'completed'),
('11171690-2e75-4943-8324-2c85dcdb3bec', 'cefcb606-7b1b-41f6-ba93-9d83a07c80fb', '2026-03-30', 'urgent', 'pending');

